380,-10.75499073,40.11077633,20,3,270,Dry subhumid,Mozambique
5625,-18.57302865,29.4212736,1094,1,180,Dry subhumid,Zimbabwe
5546,-18.57222016,20.19350951,1146,2,295,Semiarid,Namibia
1380,-15.73713713,32.44823679,404,0,0,Semiarid,Mozambique
11953,-22.83643298,16.90675355,1885,0,0,Semiarid,Namibia
2475,-16.58173316,26.14960934,1056,0,0,Dry subhumid,Zambia
5971,-18.87782702,15.98696853,1085,4,283,Semiarid,Namibia
2314,-16.47447431,29.06661873,780,6,0,Dry subhumid,Zimbabwe
395,-10.97947972,13.92614344,5,3,146,Semiarid,Angola
12041,-22.84829075,27.20629761,973,1,0,Semiarid,Botswana
7791,-20.16223822,29.65815935,1265,1,47,Dry subhumid,Zimbabwe
11174,-22.23950248,43.82063879,180,2,180,Semiarid,Madagascar
3357,-17.10428316,27.08367757,1235,7,303,,Zambia
20837,-30.15401946,20.78558912,920,3,254,Arid,South Africa
9756,-21.55229129,20.7715754,1239,0,0,Semiarid,Namibia
19999,-26.75165032,16.8347985,1330,4,344,Arid,Namibia
20449,-28.58286603,19.02821493,963,1,180,Arid,Namibia
297,-9.650332423,13.70057647,198,4,116,Semiarid,Angola
11072,-22.30903208,24.2803949,988,1,270,Semiarid,Botswana
13528,-23.64141331,44.65256857,131,0,0,Semiarid,Madagascar
10663,-22.08804652,19.71758207,1425,3,180,Semiarid,Namibia
4441,-17.83542197,20.31181763,1082,2,152,Semiarid,Angola
6544,-19.29958605,15.51804795,1163,7,9,Semiarid,Namibia
235,-8.834841809,13.58900571,10,1,180,Semiarid,Angola
9565,-21.44125952,18.90047449,1483,0,0,Semiarid,Namibia
8359,-20.59181258,26.96995086,1099,1,0,Semiarid,Botswana
20893,-30.43644978,18.58300987,983,5,180,Arid,South Africa
7206,-19.7399402,27.43671548,1061,2,180,Semiarid,Zimbabwe
2771,-16.78601005,19.84747846,1166,2,296,Dry subhumid,Angola
5826,-18.7746106,16.68846294,1087,3,122,Semiarid,Namibia
10306,-21.8751458,21.12191836,1191,2,208,Semiarid,Botswana
12437,-23.06199995,29.54739707,986,16,183,Dry subhumid,South Africa
19815,-26.06228317,18.59540662,1036,2,90,Arid,Namibia
10761,-22.08589056,31.1834987,349,1,0,Semiarid,Zimbabwe
11970,-22.84209237,18.89643207,1384,2,332,Semiarid,Namibia
20742,-29.8581144,17.11695933,43,3,286,Arid,South Africa
5690,-18.6748976,18.79159868,1196,2,28,Semiarid,Namibia
21189,-31.88525267,18.28521835,30,1,230,Arid,South Africa
16668,-29.05259509,23.57404959,1128,2,114,Semiarid,South Africa
13512,-23.70339707,33.52971856,60,2,270,Dry subhumid,Mozambique
5727,-18.68163496,23.11348334,959,1,90,Semiarid,Botswana
12843,-23.26573786,34.34736513,131,4,209,Dry subhumid,Mozambique
3716,-17.311255,29.18492685,733,5,69,Dry subhumid,Zimbabwe
3721,-17.30478713,32.22024437,1009,7,75,Dry subhumid,Zimbabwe
6215,-18.9985606,26.85191223,1046,5,142,Semiarid,Zimbabwe
7962,-20.3622032,15.6301577,972,1,133,Semiarid,Namibia
1491,-15.83738911,33.73157,303,3,180,Semiarid,Mozambique
15788,-26.80150682,23.45816692,1134,2,180,Semiarid,South Africa
8308,-20.58965663,21.00738316,1023,0,0,Semiarid,Botswana
18277,-33.34618282,24.86492865,570,20,199,Dry subhumid,South Africa
6434,-19.20418496,19.14032467,1206,1,133,Semiarid,Namibia
12659,-23.15847901,33.99567469,87,1,90,Dry subhumid,Mozambique
18465,-33.70245466,25.92323389,34,14,321,Dry subhumid,South Africa
1627,-16.04975084,17.63250247,1189,3,108,Dry subhumid,Angola
2894,-16.87170933,13.77819091,1144,1,90,Dry subhumid,Angola
7422,-19.94852901,19.83966312,1193,7,352,Semiarid,Namibia
11743,-22.55804508,44.52563662,498,2,208,Semiarid,Madagascar
8477,-20.69880193,23.11159688,1008,2,90,Semiarid,Botswana
3912,-17.49882323,13.42461401,1085,4,134,Semiarid,Namibia
11588,-22.62461024,18.42885897,1445,3,253,Semiarid,Namibia
16170,-27.58465808,26.03803858,1273,1,0,Dry subhumid,South Africa
18868,-20.48212829,14.37377394,573,9,205,Arid,Namibia
6091,-18.82123316,44.37471966,5,4,77,Dry subhumid,Madagascar
11395,-22.51546493,18.07824651,1532,6,0,Semiarid,Namibia
16558,-28.71114545,22.5181698,1297,14,46,Semiarid,South Africa
14361,-24.48196692,24.16262576,1109,3,20,Dry subhumid,Botswana
18399,-33.58360755,24.74715952,912,26,226,Dry subhumid,South Africa
9605,-21.44826638,23.57890049,1001,2,28,Semiarid,Botswana
20877,-30.29873805,21.51915338,1027,1,180,Arid,South Africa
4919,-18.15153911,20.66162161,1089,5,203,Semiarid,Namibia
15401,-25.91298317,26.38892053,1549,1,228,Dry subhumid,South Africa
19761,-25.91783407,16.54482232,1690,3,107,Arid,Namibia
17945,-32.74628787,18.63448334,209,4,310,Semiarid,South Africa
4184,-17.62845012,27.20090772,550,3,108,Dry subhumid,Zambia
17272,-31.23280628,22.16297594,1344,1,270,Semiarid,South Africa
15545,-26.24580898,25.09965844,1205,0,0,Dry subhumid,South Africa
1389,-15.73390319,33.4979182,710,30,239,Semiarid,Mozambique
13027,-23.31532486,44.64960413,318,2,295,Semiarid,Madagascar
1001,-15.08037882,40.14230719,149,4,296,Dry subhumid,Mozambique
8758,-20.90819923,19.95419832,1236,2,180,Semiarid,Namibia
2815,-16.79113045,24.98242829,1050,2,180,Dry subhumid,Zambia
18450,-33.70191567,23.33608587,1229,29,146,Semiarid,South Africa
8044,-20.37945085,25.21634959,922,2,208,Semiarid,Botswana
4541,-17.92004327,13.65584037,1311,26,216,Semiarid,Namibia
18803,-27.88757,16.95714904,916,28,222,Hyperarid,Namibia
12433,-23.06280844,29.07928498,887,1,133,Dry subhumid,South Africa
20334,-28.02070032,20.20294182,844,1,49,Arid,South Africa
19856,-26.20134238,18.74147269,1014,3,180,Arid,Namibia
16808,-29.50831043,24.51296872,1138,0,0,Semiarid,South Africa
14260,-24.37282161,25.56804003,1129,1,0,Dry subhumid,Botswana
10388,-21.87191186,30.71484761,444,1,47,Semiarid,Zimbabwe
888,-14.76857359,40.2565729,217,3,303,Dry subhumid,Mozambique
11531,-22.50899706,33.99297975,135,4,313,Dry subhumid,Mozambique
19718,-25.77742739,15.95948008,969,5,110,Arid,Namibia
7783,-20.16358569,28.72301313,1387,1,313,Dry subhumid,Zimbabwe
8715,-20.89337702,14.92623784,584,7,188,Semiarid,Namibia
12496,-22.99085338,44.52940955,518,1,0,Semiarid,Madagascar
18047,-32.87268083,25.09992793,652,7,188,Semiarid,South Africa
19435,-24.94900104,15.52343784,879,3,216,Arid,Namibia
13024,-23.31801981,44.29845269,256,3,144,Semiarid,Madagascar
17303,-31.23442325,25.80465627,1632,18,281,Semiarid,South Africa
16046,-27.36016909,23.45789742,1310,1,90,Semiarid,South Africa
14539,-24.69837107,21.11679796,1067,4,0,Semiarid,Botswana
12783,-23.28190753,27.32379725,898,1,270,Semiarid,Botswana
13578,-23.8260171,22.99194128,1126,1,90,Semiarid,Botswana
9911,-21.65362125,17.96398081,1679,6,20,Semiarid,Namibia
5399,-18.46873424,21.36176854,1069,2,208,Semiarid,Botswana
2793,-16.78978298,22.41495338,1008,1,134,Dry subhumid,Angola
5729,-18.68163496,23.34713515,955,1,90,Semiarid,Botswana
6705,-19.41250428,17.73760536,1604,8,152,Dry subhumid,Namibia
16241,-27.80833859,22.51897829,1215,1,90,Semiarid,South Africa
20718,-29.71959419,18.73177088,1015,2,270,Arid,South Africa
7752,-20.16628063,25.09938894,929,2,115,Semiarid,Botswana
12941,-23.39159183,25.45080988,1067,1,270,Semiarid,Botswana
3351,-17.10455265,26.38326115,1222,3,72,Dry subhumid,Zambia
3005,-16.89515536,26.73333461,1335,2,208,,Zambia
15645,-26.46787252,24.747968,1363,1,312,Semiarid,South Africa
8087,-20.37406096,30.24323209,833,1,313,Dry subhumid,Zimbabwe
17387,-31.46672758,25.9224254,1445,13,47,Semiarid,South Africa
3426,-17.19106041,15.06044615,1118,3,314,Dry subhumid,Angola
10396,-21.86948641,31.65080231,468,3,227,Semiarid,Zimbabwe
11350,-22.39796529,34.8117043,137,1,0,Dry subhumid,Mozambique
16364,-28.03444454,26.03830808,1286,1,49,Dry subhumid,South Africa
19357,-24.68354887,18.30650843,1200,2,294,Arid,Namibia
17541,-31.92729383,19.69440554,697,5,113,Semiarid,South Africa
11934,-22.66341746,44.87759655,641,4,283,Semiarid,Madagascar
16049,-27.36043859,23.80958786,1424,1,270,Semiarid,South Africa
4532,-17.91519236,12.60481149,1270,9,276,Semiarid,Namibia
3410,-17.18324507,13.19284867,980,1,180,Semiarid,Namibia
16253,-27.80914707,23.926818,1468,0,0,Semiarid,South Africa
10093,-21.7606106,17.84675066,1708,4,180,Semiarid,Namibia
4943,-18.15477305,23.46436529,956,2,0,Dry subhumid,Namibia
12482,-23.04690826,34.81466874,110,2,270,Dry subhumid,Mozambique
20809,-30.01199581,21.81317197,959,3,74,Arid,South Africa
8640,-20.80606078,24.28093389,932,0,0,Semiarid,Botswana
8171,-20.48482323,22.52733262,928,1,47,Semiarid,Botswana
3018,-16.89353839,28.25058913,544,2,0,Dry subhumid,Zimbabwe
5495,-18.55443352,14.23633171,1275,2,152,Semiarid,Namibia
11415,-22.52085483,20.41853749,1218,2,28,Semiarid,Botswana
4360,-17.73058857,29.41938714,872,1,0,Dry subhumid,Zimbabwe
529,-12.39675174,39.88979077,189,2,296,Dry subhumid,Mozambique
6550,-19.3020115,16.21900337,1126,4,257,Semiarid,Namibia
18293,-33.34537434,26.74627035,429,5,247,Dry subhumid,South Africa
13774,-23.93381494,28.14413877,1253,15,277,Semiarid,South Africa
11500,-22.51923786,30.36558263,497,2,65,Semiarid,South Africa
11239,-22.41494345,21.82314327,1079,4,58,Semiarid,Botswana
9273,-21.23401818,24.16370374,952,1,313,Semiarid,Botswana
17304,-31.23442325,25.92215591,1596,1,180,Semiarid,South Africa
157,-6.595880794,12.67218513,92,3,304,Dry subhumid,Angola
5074,-18.25610301,20.31100915,1105,3,58,Semiarid,Namibia
11353,-22.39661782,35.16285574,46,2,295,Dry subhumid,Mozambique
9422,-21.33966006,22.05841204,1129,1,90,Semiarid,Botswana
10684,-22.09181945,22.17456421,1070,1,133,Semiarid,Botswana
2516,-16.56906691,33.26803931,214,3,0,Semiarid,Mozambique
13922,-24.04161277,29.08117144,1331,3,287,Dry subhumid,South Africa
6999,-19.62890843,19.48985915,1214,1,313,Semiarid,Namibia
480,-11.98469452,40.11966965,113,1,180,Dry subhumid,Mozambique
20766,-29.86700772,20.63925356,921,1,270,Arid,South Africa
16389,-28.14709328,24.27850843,1225,1,311,Semiarid,South Africa
15247,-25.69011115,21.93552251,992,2,66,Semiarid,Botswana
16776,-29.39431422,24.63019887,1214,1,49,Semiarid,South Africa
329,-10.06050318,14.16383766,98,4,180,Dry subhumid,Angola
17488,-31.69930141,26.74492288,1328,1,230,Dry subhumid,South Africa
12377,-23.0646949,22.52436818,1128,1,180,Semiarid,Botswana
1366,-15.74117954,30.8150996,360,2,153,Semiarid,Mozambique
5422,-18.47115969,24.04809056,947,1,47,Dry subhumid,Botswana
1831,-16.15674019,31.39963335,400,1,180,Semiarid,Zimbabwe
5433,-18.47115969,25.33304075,1070,1,90,Dry subhumid,Botswana
8450,-20.69449002,19.95473731,1210,0,0,Semiarid,Namibia
8724,-20.89714995,15.9786142,1405,1,227,Semiarid,Namibia
9771,-21.55471674,22.52625464,1046,2,115,Semiarid,Botswana
19143,-24.00469201,20.35790121,1189,4,65,Arid,Botswana
6588,-19.31306078,20.65919615,1136,3,227,Semiarid,Namibia
17437,-31.58287975,26.27492432,1736,12,46,Dry subhumid,South Africa
19649,-25.5082023,18.15774741,1059,1,312,Arid,Namibia
10268,-21.86463551,16.67633568,1510,4,133,Semiarid,Namibia
17266,-31.11827108,26.15715519,1542,5,57,Dry subhumid,South Africa
11055,-22.30768461,22.29125536,1059,3,20,Semiarid,Botswana
13205,-23.41557685,45.70413644,624,4,301,Semiarid,Madagascar
13238,-23.60503154,20.53334218,1227,1,132,Semiarid,Botswana
9041,-21.11166764,16.09449687,1483,8,251,Semiarid,Namibia
10453,-21.97270284,16.79302684,1406,4,133,Semiarid,Namibia
586,-12.7072095,39.54268174,336,4,76,Dry subhumid,Mozambique
140,-6.294855343,13.3707151,183,4,346,Dry subhumid,Angola
9599,-21.44772739,22.87713659,1019,1,133,Semiarid,Botswana
9679,-21.43829508,32.23425809,331,1,313,Dry subhumid,Zimbabwe
2373,-16.55990409,14.2465725,1238,3,123,Dry subhumid,Angola
14167,-24.25990338,29.19867108,1643,18,54,Dry subhumid,South Africa
4722,-18.03511745,16.22412377,1101,6,252,Semiarid,Namibia
18763,-26.51287812,15.73094867,525,4,164,Hyperarid,Namibia
1841,-16.15350626,32.56627541,437,1,226,Semiarid,Mozambique
3848,-17.41959182,24.98242829,937,3,226,Dry subhumid,Zambia
18591,-34.29345629,19.45374688,181,8,103,Semiarid,South Africa
6486,-19.21092233,25.2160801,984,1,313,Semiarid,Botswana
11342,-22.40146872,33.8757496,120,2,65,Dry subhumid,Mozambique
8470,-20.69799345,22.29314183,945,1,180,Semiarid,Botswana
17588,-31.93268372,26.86269201,1101,2,113,Dry subhumid,South Africa
21169,-31.73999509,18.57950644,21,1,0,Arid,South Africa
16974,-30.08071693,25.21715808,1429,3,106,Semiarid,South Africa
2400,-16.57095337,17.3972337,1187,1,314,Dry subhumid,Angola
21199,-31.89091206,20.78235518,1174,5,113,Arid,South Africa
18315,-33.46314347,22.27778063,529,10,214,Semiarid,South Africa
3732,-17.30074471,33.50438607,619,2,270,Dry subhumid,Mozambique
287,-9.547385492,13.46854163,201,2,296,Semiarid,Angola
3347,-17.10482215,25.91622703,1185,2,116,Dry subhumid,Zambia
17992,-32.7546422,25.92296439,882,4,78,Dry subhumid,South Africa
9078,-21.12298641,20.42150193,1175,2,152,Semiarid,Namibia
17122,-30.65608787,25.09992793,1316,2,90,Semiarid,South Africa
2650,-16.68629705,26.2663005,1212,4,180,Dry subhumid,Zambia
7617,-20.05983027,25.9175745,914,2,115,Semiarid,Botswana
13988,-24.15237504,21.93767847,1117,2,29,Semiarid,Botswana
7656,-20.05417089,30.47634491,998,7,172,Dry subhumid,Zimbabwe
9405,-21.33669562,20.07035049,1297,3,133,Semiarid,Namibia
17730,-32.28410466,23.57189363,993,1,50,Semiarid,South Africa
16720,-29.1665913,25.80411728,1278,1,0,Dry subhumid,South Africa
1327,-15.74737792,26.26576151,994,2,270,Dry subhumid,Zambia
20219,-27.59166494,17.27164922,1320,23,224,Arid,Namibia
7476,-19.95337991,26.15122631,920,5,291,Semiarid,Botswana
13529,-23.64060483,44.76952922,209,1,270,Semiarid,Madagascar
14209,-24.18013299,45.477222,491,3,0,Semiarid,Madagascar
13413,-23.71606331,21.93821746,1162,3,200,Semiarid,Botswana
5538,-18.5703337,19.25890229,1181,2,28,Semiarid,Namibia
17357,-31.4656496,22.39770572,1378,1,90,Semiarid,South Africa
3615,-17.30343965,17.39453875,1169,2,0,Dry subhumid,Angola
16878,-29.73711133,25.21715808,1340,1,90,Dry subhumid,South Africa
16562,-28.71168444,22.98735988,1230,1,270,Semiarid,South Africa
16841,-29.62257614,24.63019887,1173,3,131,Semiarid,South Africa
14527,-24.57170862,35.05586639,43,6,20,Dry subhumid,Mozambique
18089,-32.98964148,22.63108804,1038,4,142,Semiarid,South Africa
3484,-17.20776908,21.83068912,1033,1,314,Semiarid,Angola
11214,-22.40955356,18.89777955,1471,3,180,Semiarid,Namibia
3726,-17.30290067,32.80396964,672,8,270,Dry subhumid,Zimbabwe
13249,-23.606918,21.82125681,1175,1,228,Semiarid,Botswana
2050,-16.36505951,18.44826258,1188,1,314,Dry subhumid,Angola
3939,-17.51095049,16.57662268,1133,1,90,Semiarid,Namibia
19860,-26.20268985,19.32762341,986,4,344,Arid,Namibia
9860,-21.54124201,33.63805538,146,0,0,Dry subhumid,Mozambique
11652,-22.63269508,25.91865248,1144,1,180,Semiarid,Botswana
3559,-17.19752828,33.03681296,554,1,0,Dry subhumid,Mozambique
18095,-32.99018047,23.33635536,751,2,329,Semiarid,South Africa
8784,-20.91224165,22.99463623,1015,1,180,Semiarid,Botswana
5790,-18.75763244,12.48299993,277,3,238,Semiarid,Namibia
2636,-16.68656655,24.63235483,1090,2,28,Dry subhumid,Zambia
16304,-27.92179581,24.27850843,1333,3,49,Semiarid,South Africa
20486,-28.72596765,19.76150969,742,0,0,Arid,South Africa
11524,-22.51169201,33.1739857,79,0,0,Dry subhumid,Mozambique
6857,-19.52218858,19.13951619,1202,4,0,Semiarid,Namibia
2546,-16.663929,14.12934235,1256,1,180,Dry subhumid,Angola
21106,-31.30799527,20.48968406,1065,1,270,Arid,South Africa
9963,-21.66305356,24.04674309,978,0,0,Semiarid,Botswana
7995,-20.37352197,19.48797269,1245,4,195,Semiarid,Namibia
5810,-18.76787323,14.81951799,1152,1,180,Semiarid,Namibia
4823,-18.04805319,28.01882378,889,0,0,Dry subhumid,Zimbabwe
1720,-16.01795048,39.91566225,29,3,180,Dry subhumid,Mozambique
17319,-31.34976693,22.98520392,1315,1,310,Semiarid,South Africa
14088,-24.07287414,45.24195323,476,1,48,Semiarid,Madagascar
6831,-19.51356475,16.10123423,1184,3,19,Semiarid,Namibia
4077,-17.60904651,14.70821672,1115,3,270,Semiarid,Namibia
17377,-31.46699708,24.74742901,1717,4,60,Semiarid,South Africa
2665,-16.68468009,28.01666783,566,2,116,Dry subhumid,Zambia
18004,-32.86270953,18.16394579,22,1,90,Semiarid,South Africa
1137,-15.43018279,30.34752649,346,2,244,Semiarid,Zambia
20190,-27.45368371,18.00494398,935,1,312,Arid,Namibia
12884,-23.38108154,17.72413063,1338,2,180,Semiarid,Namibia
12605,-23.17303172,27.6746792,819,1,47,Semiarid,Botswana
16395,-28.14736278,24.98242829,1223,1,49,Semiarid,South Africa
1886,-16.25780066,17.39831167,1201,3,72,Dry subhumid,Angola
10457,-21.97405031,17.26086944,1610,3,270,Semiarid,Namibia
7340,-19.84666006,26.73576006,966,1,47,Semiarid,Zimbabwe
20934,-30.58224635,19.31657413,694,2,67,Arid,South Africa
17760,-32.28356567,27.09796079,1546,43,2,Dry subhumid,South Africa
6484,-19.21092233,24.98242829,982,3,19,Semiarid,Botswana
11184,-22.23060916,44.99078428,448,4,103,Semiarid,Madagascar
14449,-24.59003425,22.17133027,1092,2,151,Semiarid,Botswana
16071,-27.36016909,26.38972902,1281,1,180,Dry subhumid,South Africa
21207,-31.89279852,21.95762107,1336,6,289,Arid,South Africa
11092,-22.30849309,26.62068587,1234,3,227,Semiarid,Botswana
12485,-23.04556078,35.16582018,91,2,270,Dry subhumid,Mozambique
17556,-31.93268372,23.10216457,1195,3,74,Semiarid,South Africa
4387,-17.81628785,14.00672232,1289,3,122,Semiarid,Namibia
19383,-24.60970736,45.39421767,328,0,0,Arid,Madagascar
11710,-22.62137631,32.7061431,107,2,270,Semiarid,Mozambique
183,-7.612683864,13.13086492,148,1,225,Dry subhumid,Angola
10825,-22.1888375,17.02613965,1420,3,227,Semiarid,Namibia
1562,-15.95138532,29.88237884,633,15,329,Dry subhumid,Zimbabwe
19315,-24.54853208,19.03899471,1145,1,132,Arid,Namibia
556,-12.43016907,49.32398771,185,9,90,Dry subhumid,Madagascar
3261,-17.08919146,15.87809272,1115,1,226,Dry subhumid,Angola
9498,-21.33453966,30.94742144,522,1,47,Semiarid,Zimbabwe
13602,-23.82655609,25.80223082,1132,2,0,Semiarid,Botswana
19487,-25.08806024,15.96217503,1111,2,66,Arid,Namibia
19346,-24.67896746,16.69600878,1385,4,331,Arid,Namibia
19193,-24.06856223,44.65741948,378,2,0,Arid,Madagascar
6679,-19.40226348,14.6995929,1345,3,227,Semiarid,Namibia
3075,-16.97923767,14.47779885,1170,1,270,Dry subhumid,Angola
10855,-22.19719183,20.53630662,1219,2,270,Semiarid,Botswana
13264,-23.60853497,23.57755302,1113,3,107,Semiarid,Botswana
130,-6.193525379,13.37125409,201,6,170,Dry subhumid,Angola
549,-12.49754272,40.24013373,82,2,296,Dry subhumid,Mozambique
16893,-29.85083805,23.10378154,986,1,180,Semiarid,South Africa
14396,-24.4730736,31.7758478,268,3,312,Dry subhumid,South Africa
7404,-19.94340861,17.73571889,1385,2,152,Semiarid,Namibia
2502,-16.57364832,31.63409364,1037,1,226,Dry subhumid,Zimbabwe
1226,-15.52585337,33.49710971,394,2,244,Semiarid,Mozambique
20558,-29.01082343,20.34766041,907,2,270,Arid,South Africa
2986,-16.89569435,24.51566367,1037,3,123,Dry subhumid,Zambia
661,-13.11441582,40.3611368,78,3,341,Dry subhumid,Mozambique
11298,-22.41413497,28.72705555,753,1,47,Semiarid,Botswana
3086,-16.98408857,15.76167106,1118,5,12,Dry subhumid,Angola
4405,-17.82437269,16.10824109,1094,3,90,Semiarid,Namibia
4797,-18.04993966,24.98242829,1026,3,288,Dry subhumid,Botswana
15407,-25.90328136,32.01462,552,13,69,Dry subhumid,Mozambique
1964,-16.26561601,29.06634924,791,7,262,Dry subhumid,Zimbabwe
19223,-24.27499508,19.03980319,1178,1,180,Arid,Namibia
10922,-22.19907829,28.37563461,768,3,133,Semiarid,Botswana
6277,-19.09396168,17.38834037,1194,2,295,Dry subhumid,Namibia
15769,-26.67942577,32.36873588,43,2,114,Dry subhumid,Mozambique
18552,-34.05657055,20.63036023,222,6,211,Semiarid,South Africa
14927,-25.14088118,25.09965844,1244,3,312,Dry subhumid,Botswana
12707,-23.27193623,17.49047882,1405,5,235,Semiarid,Namibia
9062,-21.11894399,18.55040103,1452,3,313,Semiarid,Namibia
2832,-16.79032196,26.96644743,1304,3,180,,Zambia
9686,-21.43290518,33.98866784,113,0,0,Dry subhumid,Mozambique
1707,-16.04651691,33.49926567,245,2,0,Semiarid,Mozambique
9702,-21.37604183,44.28093554,216,4,122,Semiarid,Madagascar
7991,-20.37244399,19.02039958,1304,0,0,Semiarid,Namibia
17121,-30.65608787,24.98242829,1344,5,13,Semiarid,South Africa
8160,-20.48320627,21.24130446,999,3,133,Semiarid,Botswana
19627,-25.29637956,45.40068554,89,2,66,Arid,Madagascar
10846,-22.19530537,19.48339128,1471,2,180,Semiarid,Namibia
20056,-26.89825537,19.4726115,1010,3,107,Arid,Namibia
1065,-15.30378983,12.85355499,382,3,325,Dry subhumid,Angola
9195,-21.05291782,44.51216189,400,4,245,Semiarid,Madagascar
6729,-19.41897215,20.54196601,1142,2,180,Semiarid,Namibia
20467,-28.58771693,21.66845338,1012,15,83,Arid,South Africa
8688,-20.80147937,29.89342812,972,18,189,Dry subhumid,Zimbabwe
1478,-15.84197052,32.21512397,380,3,19,Semiarid,Mozambique
21219,-32.0383256,21.51672793,1374,3,0,Arid,South Africa
13091,-23.49938966,23.10917143,1122,2,65,Semiarid,Botswana
20695,-29.58080447,20.49318749,904,2,270,Arid,South Africa
8099,-20.37082702,31.64595141,691,2,90,Dry subhumid,Zimbabwe
8868,-20.84163406,44.15939348,89,0,0,Semiarid,Madagascar
10318,-21.87703226,22.52571565,1042,1,227,Semiarid,Botswana
15973,-27.12651729,32.13562307,131,2,29,Semiarid,South Africa
559,-12.61908477,13.45156347,36,1,134,Semiarid,Angola
17675,-32.16714401,24.15966132,1349,17,66,Semiarid,South Africa
20432,-28.44542379,21.08203316,886,1,311,Arid,South Africa
21116,-31.31042072,21.95816006,1315,4,300,Arid,South Africa
18159,-33.10902758,24.27689147,583,3,158,Semiarid,South Africa
10274,-21.86679147,17.37836907,1523,3,200,Semiarid,Namibia
19256,-24.40650844,17.13636294,1384,2,209,Arid,Namibia
1838,-16.15458424,32.21620195,611,4,0,Dry subhumid,Mozambique
6424,-19.20149002,17.97206565,1257,1,0,Dry subhumid,Namibia
4627,-17.94429778,23.6980171,951,2,180,Dry subhumid,Namibia
3268,-17.09188641,16.69493081,1149,2,90,Dry subhumid,Angola
7780,-20.16412468,28.37240068,1361,3,47,Dry subhumid,Zimbabwe
1625,-16.04921186,17.39912016,1211,3,108,Dry subhumid,Angola
1293,-15.63203424,32.79777126,740,12,68,Semiarid,Mozambique
11047,-22.30633714,21.35503117,1122,1,227,Semiarid,Botswana
13314,-23.60503154,29.4315144,1148,1,48,Dry subhumid,South Africa
5612,-18.5751846,27.90267162,1107,1,133,Dry subhumid,Zimbabwe
3145,-16.99918027,22.64806619,998,1,90,Dry subhumid,Angola
16696,-29.16578281,22.98709038,1301,7,277,Semiarid,South Africa
19031,-23.44656873,15.52990571,830,4,270,Arid,Namibia
19857,-26.20161187,18.88807774,996,3,160,Arid,Namibia
21191,-31.88606116,18.57896745,205,0,0,Arid,South Africa
9869,-21.53746908,34.69097072,120,1,313,Dry subhumid,Mozambique
15037,-25.23736024,33.1842265,55,4,59,Dry subhumid,Mozambique
13254,-23.60772649,22.40659905,1153,1,0,Semiarid,Botswana
16360,-28.03444454,25.569118,1310,2,270,Semiarid,South Africa
20680,-29.57568408,18.29195572,1051,6,49,Arid,South Africa
20887,-30.43402433,17.70230157,343,6,35,Arid,South Africa
20004,-26.75407577,17.56755427,993,0,0,Arid,Namibia
6899,-19.52865645,24.04755158,950,2,295,Semiarid,Botswana
15847,-26.91334707,24.39627757,1334,3,107,Semiarid,South Africa
7394,-19.93990518,16.56692088,1357,2,270,Semiarid,Namibia
15710,-26.57890429,26.27195988,1558,1,312,Dry subhumid,South Africa
6065,-18.89291872,26.96860338,1056,1,90,Semiarid,Zimbabwe
16717,-29.1665913,25.45188786,1283,2,246,Dry subhumid,South Africa
19045,-23.39482577,43.77320774,62,9,206,Arid,Madagascar
3385,-17.09377287,32.68647,695,5,79,Dry subhumid,Zimbabwe
14953,-25.1298319,32.36361549,95,3,312,Dry subhumid,Mozambique
5186,-18.3463837,14.93809561,1115,2,115,Semiarid,Namibia
19993,-26.62364039,21.67141782,963,1,0,Arid,Botswana
14319,-24.29224273,45.12687904,400,2,180,Semiarid,Madagascar
4013,-17.52442521,25.2160801,946,1,180,Dry subhumid,Zambia
9907,-21.65227378,17.49613821,1596,3,253,Semiarid,Namibia
11584,-22.62326277,17.96074687,1489,4,257,Semiarid,Namibia
8664,-20.8052523,27.087181,1134,1,227,Semiarid,Botswana
16343,-28.03417505,23.57458858,1593,2,90,Semiarid,South Africa
3617,-17.30424814,17.62819055,1172,1,134,Dry subhumid,Angola
3613,-17.30290067,17.16115644,1164,1,0,Dry subhumid,Angola
13280,-23.60907396,25.45080988,1071,2,29,Dry subhumid,Botswana
10914,-22.20015627,27.43967992,1045,2,28,Semiarid,Botswana
6734,-19.41978063,21.12623027,1095,2,270,Semiarid,Botswana
14824,-25.02957992,22.63944237,1042,0,0,Semiarid,Botswana
2259,-16.47636077,22.64860518,1021,1,134,Dry subhumid,Zambia
19914,-26.34525248,21.3787467,955,3,312,Arid,Botswana
20198,-27.45691765,19.17778442,1170,1,132,Arid,Namibia
8468,-20.69772396,22.05949002,955,1,227,Semiarid,Botswana
6028,-18.89237973,22.64591024,973,1,90,Semiarid,Botswana
3724,-17.30370915,32.57031783,1064,11,64,Dry subhumid,Zimbabwe
10765,-22.08481259,31.6513413,424,1,227,Semiarid,Zimbabwe
1231,-15.49998189,39.4453942,262,3,252,Dry subhumid,Mozambique
16694,-29.16551332,22.7523606,1325,5,90,Semiarid,South Africa
21057,-31.02017505,21.8118245,1307,2,270,Arid,South Africa
3999,-17.52415572,23.58159544,1007,3,108,Dry subhumid,Zambia
4708,-18.02918857,14.58936961,1136,5,46,Semiarid,Namibia
9796,-21.55579472,25.45027089,1025,2,295,Semiarid,Botswana
1603,-15.91554254,39.56504979,169,4,116,Dry subhumid,Mozambique
7824,-20.25925627,16.68253406,1402,2,65,Semiarid,Namibia
17522,-31.81653155,25.09992793,1318,3,50,Semiarid,South Africa
5080,-18.25745049,21.01169507,1081,1,90,Semiarid,Namibia
5253,-18.36497883,22.76340988,984,1,134,Semiarid,Botswana
9103,-21.12648984,23.34524869,995,1,133,Semiarid,Botswana
7901,-20.272731,25.6839227,912,2,65,Semiarid,Botswana
7357,-19.8445041,28.72247415,1323,1,90,Dry subhumid,Zimbabwe
14019,-24.15399201,25.56804003,1119,1,270,Dry subhumid,Botswana
14917,-25.14061169,23.92789598,1043,2,209,Semiarid,Botswana
13618,-23.82547811,27.67548768,870,2,115,Semiarid,South Africa
21044,-31.01694112,19.90299435,1076,4,38,Arid,South Africa
13029,-23.3134384,44.88352543,375,8,29,Semiarid,Madagascar
677,-13.21736275,40.36194528,114,0,0,Dry subhumid,Mozambique
13050,-23.48860988,17.37270969,1309,2,65,Semiarid,Namibia
15836,-26.91280808,23.10647648,1124,3,312,Semiarid,South Africa
20607,-29.28840285,17.55919994,660,31,356,Arid,South Africa
20274,-27.73988696,20.35008587,825,1,48,Arid,South Africa
19048,-23.582394,15.52936673,808,1,180,Arid,Namibia
4682,-17.87449868,44.13271352,14,4,208,Dry subhumid,Madagascar
4314,-17.7343615,24.04836006,945,2,28,Dry subhumid,Namibia
18888,-21.15047486,14.51660607,1878,20,146,Arid,Namibia
20225,-27.59435989,18.15127954,1218,1,90,Arid,Namibia
3602,-17.29858875,15.87701474,1109,1,90,Dry subhumid,Angola
14182,-24.25154905,32.71207199,51,5,192,Dry subhumid,Mozambique
11995,-22.84721277,21.82233478,1157,1,180,Semiarid,Botswana
6837,-19.51572071,16.80245915,1303,1,0,Dry subhumid,Namibia
687,-13.3246216,39.66341532,372,2,153,Dry subhumid,Mozambique
15772,-26.67834779,32.72042632,46,1,0,Semiarid,Mozambique
19704,-25.65022595,19.76851655,1003,6,242,Arid,Namibia
18495,-33.82022379,22.27751114,592,24,42,Semiarid,South Africa
231,-8.734589823,13.93827069,214,2,153,Dry subhumid,Angola
18017,-32.86675195,19.69224958,978,18,155,Semiarid,South Africa
3505,-17.20965554,24.28201186,1041,3,46,Dry subhumid,Zambia
17831,-32.51290556,19.45778929,840,1,0,Semiarid,South Africa
1987,-16.25995662,31.74997632,490,3,314,Dry subhumid,Zimbabwe
11224,-22.41224851,20.06792503,1232,3,107,Semiarid,Botswana
10277,-21.86786945,17.72925102,1720,6,160,Semiarid,Namibia
7934,-20.26868858,29.54146819,1138,2,208,Dry subhumid,Zimbabwe
12077,-22.84128389,31.41957595,374,1,313,Semiarid,South Africa
149,-6.396454801,13.37017611,213,11,95,Dry subhumid,Angola
18851,-19.54832955,13.64802503,1217,16,183,Arid,Namibia
3382,-17.09485085,32.33612704,793,3,252,Dry subhumid,Zimbabwe
11471,-22.52408876,26.97183732,960,5,39,Semiarid,Botswana
16522,-28.59768823,22.40093966,1138,5,347,Semiarid,South Africa
12314,-22.87982161,44.87975251,778,3,200,Semiarid,Madagascar
18513,-33.93556748,19.9250929,447,22,88,Semiarid,South Africa
11373,-22.33679002,45.22578356,698,15,300,Semiarid,Madagascar
7135,-19.73428081,19.1389772,1232,1,133,Semiarid,Namibia
8935,-21.01869201,22.29287233,1077,1,313,Semiarid,Botswana
13803,-23.92519111,32.35957307,105,1,90,Dry subhumid,Mozambique
9213,-21.22216042,17.14660373,1376,0,0,Semiarid,Namibia
8731,-20.90011439,16.79706925,1494,1,90,Semiarid,Namibia
20105,-27.0410875,21.08445861,879,2,294,Arid,South Africa
17037,-30.31032632,25.56965699,1535,5,167,Dry subhumid,South Africa
8809,-20.91278064,25.917844,903,0,0,Semiarid,Botswana
11977,-22.84370934,19.71569561,1297,1,0,Semiarid,Namibia
17146,-30.77143155,24.39519959,1382,2,210,Semiarid,South Africa
7527,-20.04204363,15.39785337,1277,1,0,Semiarid,Namibia
19185,-24.14078678,20.21129615,1168,9,259,Arid,Botswana
10399,-21.86867793,32.00168426,313,2,115,Semiarid,Mozambique
15227,-25.58096584,26.85730212,1407,3,0,Dry subhumid,South Africa
10869,-22.19961728,22.17429471,1068,3,253,Semiarid,Botswana
2176,-16.33325915,39.45132308,57,2,180,Dry subhumid,Mozambique
5030,-18.2418198,15.1722864,1104,1,0,Semiarid,Namibia
15563,-26.2347597,32.36738841,37,1,270,Dry subhumid,Mozambique
506,-12.12294524,49.20406262,17,2,116,Dry subhumid,Madagascar
14312,-24.35449598,34.58640683,83,1,132,Dry subhumid,Mozambique
12536,-23.16710284,18.89562359,1342,3,90,Semiarid,Namibia
19753,-25.79063263,21.08661457,955,2,270,Arid,Botswana
20140,-27.18014671,20.79097901,861,6,235,Arid,South Africa
5812,-18.76895121,15.0529003,1131,2,180,Semiarid,Namibia
5441,-18.4708902,26.26737847,841,3,302,Semiarid,Zimbabwe
152,-6.495089819,12.78887629,236,3,124,Dry subhumid,Angola
16765,-29.39377523,23.33905031,1049,5,66,Semiarid,South Africa
956,-14.97608442,40.25818987,126,1,0,Dry subhumid,Mozambique
3087,-16.98435807,15.87836221,1120,1,0,Dry subhumid,Angola
474,-11.8812086,40.23555232,264,7,326,Dry subhumid,Mozambique
18906,-21.42131692,15.24639741,991,6,327,Arid,Namibia
16874,-29.73711133,24.74769851,1225,2,270,Semiarid,South Africa
13080,-23.49831169,21.8215263,1178,1,313,Semiarid,Botswana
5930,-18.78512088,28.83754833,1135,3,325,Dry subhumid,Zimbabwe
2161,-16.3607476,33.03384852,413,17,26,Semiarid,Mozambique
10971,-22.18506457,34.10886242,159,1,47,Dry subhumid,Mozambique
12132,-22.76393894,45.81489872,912,3,160,Semiarid,Madagascar
2648,-16.68629705,26.03291818,1085,2,208,Dry subhumid,Zambia
20847,-30.15590592,22.25325663,996,2,180,Arid,South Africa
11771,-22.73079111,17.72628658,1551,3,200,Semiarid,Namibia
21233,-32.18466116,21.51645843,1630,5,42,Arid,South Africa
306,-9.753279355,13.93261131,260,3,326,Dry subhumid,Angola
2647,-16.68629705,25.91622703,1060,1,90,Dry subhumid,Zambia
403,-10.95845914,40.34496712,96,2,207,Dry subhumid,Mozambique
7019,-19.63295085,21.82718569,973,3,287,Semiarid,Botswana
18322,-33.46395195,23.10108659,681,10,270,Semiarid,South Africa
17138,-30.77089256,23.45547197,1177,1,270,Semiarid,South Africa
14081,-24.13593587,34.58532885,105,2,270,Dry subhumid,Mozambique
9733,-21.5463624,18.08121095,1640,2,332,Semiarid,Namibia
17850,-32.51883444,23.33689435,872,1,310,Semiarid,South Africa
10865,-22.19907829,21.70645211,1110,0,0,Semiarid,Botswana
2729,-16.77172684,14.94564145,1102,3,270,Dry subhumid,Angola
19052,-23.58454995,16.11470896,1142,1,90,Arid,Namibia
8759,-20.90846872,20.07115897,1223,1,47,Semiarid,Namibia
6300,-19.10042955,20.07547088,1188,1,90,Semiarid,Namibia
16013,-27.24859833,25.68607865,1350,1,228,Semiarid,South Africa
12701,-23.26951078,16.78817593,1594,1,313,Semiarid,Namibia
9797,-21.55579472,25.56723154,1031,1,227,Semiarid,Botswana
16990,-30.19498263,23.57324111,1145,1,90,Semiarid,South Africa
20510,-28.86421837,18.29411167,553,12,205,Arid,Namibia
11900,-22.72917414,32.82364274,90,0,0,Dry subhumid,Mozambique
20494,-28.72812361,20.93488912,724,2,90,Arid,South Africa
14820,-25.02931042,22.17079128,1046,2,294,Semiarid,Botswana
1525,-15.95596673,25.56588407,1096,2,116,Dry subhumid,Zambia
18934,-21.95841963,15.24397196,1111,1,90,Arid,Namibia
5046,-18.24828767,17.04096185,1129,1,90,Semiarid,Namibia
2936,-16.8881485,18.68002792,1184,1,134,Dry subhumid,Angola
14060,-24.14402071,32.12619076,250,3,312,Dry subhumid,Mozambique
2374,-16.56044308,14.36326365,1190,2,244,Dry subhumid,Angola
6578,-19.31090482,19.49066763,1167,3,161,Semiarid,Namibia
3233,-17.07571673,12.60966239,1113,23,118,Dry subhumid,Angola
16265,-27.80941657,25.33438822,1247,1,229,Semiarid,South Africa
2454,-16.58173316,23.69882558,1034,1,0,Dry subhumid,Zambia
13617,-23.82547811,27.55852703,958,2,180,Semiarid,South Africa
8538,-20.69395103,30.24404057,825,3,270,Dry subhumid,Zimbabwe
6742,-19.42112811,22.06110699,964,1,133,Semiarid,Botswana
11981,-22.84478732,20.18380771,1284,2,0,Semiarid,Botswana
2472,-16.58173316,25.79926638,1082,3,303,Dry subhumid,Zambia
5026,-18.24020283,14.70525228,1135,1,0,Semiarid,Namibia
11824,-22.74076241,23.92924345,992,1,227,Semiarid,Botswana
10168,-21.77004291,26.62014689,1026,2,270,Semiarid,Botswana
3240,-17.07948965,13.42676997,723,1,180,Semiarid,Namibia
5500,-18.55685897,14.82032647,1127,5,348,Semiarid,Namibia
8799,-20.91305013,24.74850699,915,1,47,Semiarid,Botswana
14035,-24.15291403,27.44183588,964,1,180,Semiarid,South Africa
20092,-27.03731458,19.1788624,1162,3,323,Arid,Namibia
16226,-27.688144,31.66831946,356,6,11,Dry subhumid,South Africa
13645,-23.82008822,30.83692866,479,2,245,Dry subhumid,South Africa
3418,-17.18728749,14.12664741,1178,9,180,Semiarid,Angola
20753,-29.86269581,18.73150139,957,1,180,Arid,South Africa
2873,-16.77496077,34.20237704,122,3,325,Dry subhumid,Mozambique
20177,-27.32055339,21.08391962,895,5,336,Arid,South Africa
13947,-24.03137198,33.29687524,53,2,270,Dry subhumid,Mozambique
18730,-24.19360772,14.51094669,-1,2,180,Hyperarid,Namibia
10581,-21.97674526,31.76803245,487,2,90,Semiarid,Zimbabwe
15849,-26.91334707,24.63073786,1244,1,228,Semiarid,South Africa
7410,-19.94529507,18.4372133,1245,2,332,Semiarid,Namibia
4675,-17.94106384,29.30296548,868,3,270,Dry subhumid,Zimbabwe
11297,-22.41440446,28.6100949,763,3,180,Semiarid,Botswana
3810,-17.4158189,20.54627792,1113,1,0,Semiarid,Angola
3377,-17.10131872,29.41803967,1166,1,134,Dry subhumid,Zimbabwe
3471,-17.20561312,20.31316511,1129,0,0,Semiarid,Angola
14510,-24.57871548,33.0645709,28,3,312,Dry subhumid,Mozambique
2260,-16.47663027,22.76529634,1021,1,226,Dry subhumid,Zambia
16341,-28.03390556,23.34012829,1505,4,330,Semiarid,South Africa
14245,-24.37255212,23.81120482,1096,1,270,Dry subhumid,Botswana
358,-10.46959596,14.27783387,306,7,320,Dry subhumid,Angola
8116,-20.47054002,16.09719182,1242,5,348,Semiarid,Namibia
4341,-17.73355301,27.20090772,487,0,0,Semiarid,Zambia
13993,-24.15291403,22.5232902,1096,0,0,Semiarid,Botswana
2354,-16.43890103,39.21847976,46,1,314,Dry subhumid,Mozambique
15538,-26.24580898,24.27904742,1177,1,312,Semiarid,South Africa
12090,-22.83697197,32.94114238,91,2,245,Dry subhumid,Mozambique
14478,-24.59165122,25.56804003,1065,2,90,Dry subhumid,Botswana
5728,-18.68163496,23.23044399,955,3,313,Semiarid,Botswana
5322,-18.4407068,12.36819524,502,2,208,Semiarid,Namibia
7689,-20.15603984,17.73517991,1417,3,313,Semiarid,Namibia
12096,-22.83454652,33.64344527,95,3,227,Dry subhumid,Mozambique
8565,-20.78881313,15.51131059,1052,2,0,Semiarid,Namibia
4603,-17.94133334,20.89554291,1048,1,270,Semiarid,Angola
10723,-22.09289742,26.73737703,1245,1,313,Semiarid,Botswana
18314,-33.46314347,22.16028099,687,14,62,Semiarid,South Africa
19071,-23.7217227,16.40684109,1680,3,253,Arid,Namibia
14137,-24.26340681,24.98242829,1156,1,312,Dry subhumid,Botswana
20859,-30.29334816,18.87702846,921,1,49,Arid,South Africa
17049,-30.42513101,23.45574147,1080,2,150,Semiarid,South Africa
9903,-21.6509263,17.02829561,1501,1,90,Semiarid,Namibia
9742,-21.54905735,19.1341263,1499,1,0,Semiarid,Namibia
16818,-29.50831043,25.68688714,1322,3,286,Dry subhumid,South Africa
17525,-31.81653155,25.45242685,1082,3,159,Semiarid,South Africa
1235,-15.49728694,39.91215882,113,5,101,Dry subhumid,Mozambique
8723,-20.89688045,15.86165355,1381,5,337,Semiarid,Namibia
1160,-15.42344543,33.0300756,443,14,255,Dry subhumid,Mozambique
7933,-20.26895807,29.42477703,1234,1,47,Dry subhumid,Zimbabwe
3597,-17.29670229,15.29328947,1120,1,90,Semiarid,Angola
14626,-24.61590573,45.71545522,315,2,66,Semiarid,Madagascar
5651,-18.6600754,14.23579272,1309,1,47,Semiarid,Namibia
17936,-32.63660358,26.51046259,771,26,198,Dry subhumid,South Africa
7186,-19.74101818,25.09938894,948,3,160,Semiarid,Botswana
13033,-23.30966548,45.35190702,553,1,133,Semiarid,Madagascar
9406,-21.33669562,20.18731114,1269,3,36,Semiarid,Namibia
19872,-26.20619328,21.08607558,935,5,236,Arid,Botswana
12790,-23.28109905,28.14306079,917,2,90,Semiarid,South Africa
9782,-21.55552522,23.81282179,977,2,208,Semiarid,Botswana
6505,-19.20984435,27.43617649,1017,2,0,Semiarid,Zimbabwe
4245,-17.71900031,15.99208893,1098,6,60,Semiarid,Namibia
16239,-27.80806909,22.284518,1096,2,151,Semiarid,South Africa
4941,-18.15450356,23.23071349,960,1,46,Semiarid,Botswana
5688,-18.67435861,18.55794687,1186,0,0,Semiarid,Namibia
14073,-24.13916981,33.64856567,36,1,90,Dry subhumid,Mozambique
17366,-31.46645809,23.45493298,1291,2,90,Semiarid,South Africa
11412,-22.52004634,20.06765554,1245,2,0,Semiarid,Botswana
20262,-27.73584454,18.59055572,1104,4,228,Arid,Namibia
8890,-21.00764273,17.03045156,1411,2,245,Semiarid,Namibia
3749,-17.39398984,13.425153,1160,9,205,Semiarid,Namibia
16266,-27.80941657,25.45161836,1289,3,286,Semiarid,South Africa
1278,-15.63661565,31.04794292,497,2,270,Semiarid,Mozambique
7240,-19.82806493,15.0480494,1155,24,23,Semiarid,Namibia
1457,-15.84736041,29.76541819,443,0,0,Semiarid,Zimbabwe
17449,-31.69822343,22.16243695,1405,3,270,Semiarid,South Africa
3963,-17.51849633,19.37855789,1125,3,180,Semiarid,Angola
5124,-18.26014543,26.15041782,844,1,180,Dry subhumid,Zimbabwe
16701,-29.1663218,23.57404959,1060,4,180,Semiarid,South Africa
3803,-17.41420193,19.72917034,1148,3,35,Semiarid,Angola
8258,-20.57375645,15.16150662,963,3,227,Semiarid,Namibia
9159,-21.12244742,29.8942366,810,4,122,Semiarid,Zimbabwe
3962,-17.51822684,19.26186673,1146,2,115,Dry subhumid,Angola
6992,-19.62729146,18.67194308,1227,2,180,Semiarid,Namibia
11413,-22.52031584,20.18461619,1234,1,90,Semiarid,Botswana
17635,-32.04991386,26.04019454,1054,3,90,Dry subhumid,South Africa
16650,-28.93913787,25.33438822,1218,4,102,Semiarid,South Africa
11795,-22.73725898,20.53522865,1273,1,47,Semiarid,Botswana
170,-6.901757149,13.01875517,66,1,225,Dry subhumid,Angola
17922,-32.63714257,24.86492865,704,3,180,Semiarid,South Africa
5187,-18.34692269,15.05505625,1110,1,0,Semiarid,Namibia
16550,-28.5990357,25.68661764,1290,2,210,Dry subhumid,South Africa
11612,-22.63026963,21.23753153,1174,2,65,Semiarid,Botswana
7452,-19.95311042,23.34605717,943,1,0,Semiarid,Botswana
16109,-27.47254833,24.747968,1121,1,90,Semiarid,South Africa
1671,-16.0567577,29.29919256,471,3,215,Dry subhumid,Zimbabwe
16098,-27.47227884,23.45762793,1340,1,270,Semiarid,South Africa
5146,-18.25771998,28.7197792,1138,2,152,Dry subhumid,Zimbabwe
12162,-22.95042919,19.01312323,1457,2,245,Semiarid,Namibia
14650,-24.81021133,22.9911328,1048,3,270,Semiarid,Botswana
21110,-31.30907325,21.07718226,1083,2,113,Arid,South Africa
3407,-17.1816281,12.84250571,1238,12,53,Semiarid,Namibia
6278,-19.09423117,17.50503153,1192,3,180,Dry subhumid,Namibia
8338,-20.59262107,24.51485519,925,1,313,Semiarid,Botswana
15887,-27.02437884,22.98897684,1050,0,0,Semiarid,South Africa
18341,-33.46476044,25.3351967,184,2,270,Semiarid,South Africa
16189,-27.69568985,22.40201764,1146,3,270,Semiarid,South Africa
14255,-24.37282161,24.98242829,1180,4,103,Dry subhumid,Botswana
8137,-20.47781637,18.55228749,1327,2,152,Semiarid,Namibia
11079,-22.30903208,25.09938894,1051,1,133,Semiarid,Botswana
13035,-23.30777901,45.58609782,658,3,216,Semiarid,Madagascar
7786,-20.1630467,29.07389508,1224,2,180,Dry subhumid,Zimbabwe
2911,-16.87925518,15.76221005,1123,3,72,Dry subhumid,Angola
20146,-27.30923462,16.53943243,899,3,228,Arid,Namibia
7059,-19.63456782,26.50183876,973,1,270,Semiarid,Zimbabwe
856,-14.66886059,39.55642597,350,3,134,Dry subhumid,Mozambique
14257,-24.37282161,25.21661909,1214,2,270,Dry subhumid,Botswana
11141,-22.29852179,32.35418318,190,1,227,Semiarid,Mozambique
8746,-20.90496529,18.55120951,1365,4,15,Semiarid,Namibia
14055,-24.14563768,31.54057902,339,3,73,Dry subhumid,South Africa
51,-5.483137652,13.0271095,213,3,34,Dry subhumid,Democratic Republic of the Congo
12982,-23.38620194,30.25050844,575,5,141,Dry subhumid,South Africa
13799,-23.92653858,31.89119148,246,12,90,Dry subhumid,Mozambique
2579,-16.67713424,17.98041998,1179,1,226,Dry subhumid,Angola
14433,-24.39384219,46.0647202,254,7,312,Dry subhumid,Madagascar
5172,-18.33964634,13.30307196,1055,20,108,Semiarid,Namibia
15468,-26.13316025,22.05221367,977,1,228,Semiarid,Botswana
6691,-19.40738388,16.10177322,1145,3,19,Semiarid,Namibia
17158,-30.77143155,25.80465627,1316,7,125,Dry subhumid,South Africa
3250,-17.08434056,14.59395102,1129,6,300,Dry subhumid,Angola
14359,-24.48196692,23.92843497,1088,1,312,Dry subhumid,Botswana
11806,-22.73914544,21.82260428,1138,3,47,Semiarid,Botswana
9537,-21.43128822,15.62557629,1098,5,0,Semiarid,Namibia
18760,-26.31857252,15.73175716,480,3,287,Hyperarid,Namibia
16642,-28.93913787,24.39573858,1045,3,286,Semiarid,South Africa
18444,-33.70137668,22.63027955,600,7,219,Semiarid,South Africa
12388,-23.06577288,23.81201331,1029,1,0,Semiarid,Botswana
17983,-32.7549117,24.86492865,731,8,0,Semiarid,South Africa
18328,-33.46449094,23.80662342,1277,20,174,Semiarid,South Africa
5641,-18.654955,13.06780318,783,21,10,Semiarid,Namibia
4789,-18.04967016,24.04836006,937,1,314,Dry subhumid,Namibia
16276,-27.79998426,31.7858191,435,6,318,Dry subhumid,South Africa
8729,-20.89930591,16.56314795,1562,1,270,Semiarid,Namibia
7115,-19.72808244,16.80165066,1510,2,152,Dry subhumid,Namibia
7281,-19.84207865,19.83993262,1205,2,208,Semiarid,Namibia
3758,-17.39830175,14.4756429,1115,6,279,Semiarid,Namibia
9105,-21.12675934,23.57916999,992,2,270,Semiarid,Botswana
12914,-23.38997486,22.28990789,1166,3,133,Semiarid,Botswana
8491,-20.69934092,24.74877649,913,0,0,Semiarid,Botswana
4028,-17.52361673,26.96725591,953,9,301,Dry subhumid,Zambia
2122,-16.3707189,28.48316295,623,2,28,Dry subhumid,Zambia
14943,-25.1400727,26.97426277,1089,2,0,Dry subhumid,South Africa
11005,-22.29474887,16.44079741,1088,5,305,Semiarid,Namibia
4364,-17.72978009,29.88642126,1104,7,52,Dry subhumid,Zimbabwe
16284,-27.92017884,21.93255807,1061,2,150,Semiarid,South Africa
8979,-21.0189615,27.43833245,1044,2,270,Semiarid,Botswana
10205,-21.76384454,30.94849942,515,3,200,Semiarid,Zimbabwe
12766,-23.28298551,25.33357974,1062,1,270,Semiarid,Botswana
4988,-18.1523476,28.7195097,1059,3,145,Dry subhumid,Zimbabwe
14463,-24.59138172,23.81120482,1066,0,0,Dry subhumid,Botswana
7236,-19.82617847,14.58047629,1062,21,195,Semiarid,Namibia
19456,-24.95870284,18.59864056,1146,4,121,Arid,Namibia
712,-13.54318171,12.74710463,534,4,314,Semiarid,Angola
4904,-18.14803569,18.9099068,1155,2,152,Semiarid,Namibia
15466,-26.13289075,21.81775338,980,0,0,Semiarid,Botswana
16821,-29.62122866,22.28236204,1089,2,247,Semiarid,South Africa
3412,-17.18432305,13.42623098,990,18,177,Semiarid,Namibia
7662,-20.14526006,14.57912882,684,8,227,Semiarid,Namibia
19053,-23.58508894,16.26104452,1820,4,133,Arid,Namibia
15830,-26.9119996,22.40282612,1003,1,132,Semiarid,South Africa
12385,-23.06550338,23.46086186,1048,2,0,Semiarid,Botswana
867,-14.78204832,12.27360264,64,1,226,Semiarid,Angola
2058,-16.36721547,19.38179182,1207,1,90,Dry subhumid,Angola
477,-12.00382864,13.80433188,217,22,59,Semiarid,Angola
1823,-16.15862666,30.46610411,472,7,172,Dry subhumid,Zimbabwe
19067,-23.71956674,15.82149886,911,2,270,Arid,Namibia
20980,-30.72965989,20.78451114,967,3,286,Arid,South Africa
11574,-22.61975934,16.79060138,1783,3,200,Semiarid,Namibia
10919,-22.19934778,28.02448317,847,1,0,Semiarid,Botswana
4474,-17.83946439,24.16505121,938,0,0,Dry subhumid,Namibia
7943,-20.26680211,30.59357505,883,11,43,Dry subhumid,Zimbabwe
19519,-25.10072649,20.64868587,1015,5,348,Arid,Botswana
13526,-23.64329977,44.41837778,213,4,331,Semiarid,Madagascar
1829,-16.15727918,31.16625104,356,0,0,Semiarid,Zimbabwe
9186,-21.10924219,34.57212361,52,2,152,Dry subhumid,Mozambique
6797,-19.42031962,28.48801386,1146,1,180,Dry subhumid,Zimbabwe
20010,-26.75650122,18.4469151,831,2,66,Arid,Namibia
17323,-31.35030592,23.45520248,1302,4,0,Semiarid,South Africa
11932,-22.66530392,44.64367525,560,5,141,Semiarid,Madagascar
1054,-15.18440373,40.14311568,144,5,218,Dry subhumid,Mozambique
1549,-15.95381077,28.36566331,967,3,19,Dry subhumid,Zambia
3826,-17.41824435,22.41414489,1012,2,296,Semiarid,Angola
19041,-23.45950447,20.06657756,1262,3,340,Arid,Botswana
10345,-21.87811024,25.68446169,1077,1,133,Semiarid,Botswana
5872,-18.78619886,22.06218497,990,2,332,Semiarid,Botswana
7559,-20.0533624,19.13816872,1263,2,245,Semiarid,Namibia
15854,-26.91334707,25.21688858,1339,0,0,Semiarid,South Africa
1434,-15.85086384,27.0823301,983,0,0,Dry subhumid,Zambia
17652,-32.16175412,19.92886583,616,26,96,Semiarid,South Africa
4014,-17.52442521,25.33277125,961,1,180,Dry subhumid,Zambia
15388,-25.91325266,24.86519815,1176,2,180,Dry subhumid,South Africa
16056,-27.36070808,24.63046836,1189,10,6,Semiarid,South Africa
11463,-22.52462775,26.03561313,1161,2,332,Semiarid,Botswana
12566,-23.17357071,23.10944092,1094,1,313,Semiarid,Botswana
18924,-21.82232486,14.80577376,554,4,103,Arid,Namibia
3554,-17.19914525,32.45335718,954,24,13,Dry subhumid,Zimbabwe
10028,-21.65469923,31.64999382,493,1,90,Semiarid,Zimbabwe
14196,-24.24615916,34.35167704,80,1,48,Dry subhumid,Mozambique
13430,-23.71768028,23.92870446,1094,2,331,Semiarid,Botswana
10884,-22.20096475,23.92951295,981,3,340,Semiarid,Botswana
15109,-25.34866151,32.83307505,10,3,132,Dry subhumid,Mozambique
1967,-16.26507702,29.4164227,1014,9,293,Dry subhumid,Zimbabwe
3317,-17.10374417,22.41468388,1012,1,46,Semiarid,Angola
3738,-17.38779146,12.1410113,579,2,152,Semiarid,Namibia
852,-14.70362539,30.34564003,415,6,10,Dry subhumid,Zambia
18756,-26.12345844,15.52748026,643,2,90,Hyperarid,Namibia
3334,-17.10509164,24.39897251,1044,4,116,Dry subhumid,Zambia
19926,-26.47514887,17.4220272,1133,1,228,Arid,Namibia
7386,-19.93667125,15.63204416,1309,3,47,Semiarid,Namibia
336,-10.16210264,14.04687701,201,3,180,Semiarid,Angola
20561,-29.01163191,20.78774507,752,1,311,Arid,South Africa
11998,-22.84775176,22.17348623,1129,2,180,Semiarid,Botswana
3586,-17.29158189,14.00941726,956,14,224,Semiarid,Angola
1824,-16.15862666,30.58279527,388,3,90,Dry subhumid,Zimbabwe
5753,-18.68190446,26.15068732,999,2,90,Semiarid,Zimbabwe
12619,-23.17060627,29.31347577,955,1,313,Dry subhumid,South Africa
12664,-23.15632306,34.58101693,120,1,227,Dry subhumid,Mozambique
20870,-30.29712108,20.49184002,945,2,113,Arid,South Africa
12778,-23.28244652,26.73845501,953,1,270,Semiarid,Botswana
17305,-31.23442325,26.03965555,1708,11,11,Semiarid,South Africa
7955,-20.35923876,14.81170264,997,11,159,Semiarid,Namibia
7855,-20.26841908,20.30642774,1122,1,90,Semiarid,Namibia
13670,-23.81146439,33.76417885,51,2,151,Dry subhumid,Mozambique
4628,-17.94429778,23.81470825,945,2,152,Dry subhumid,Namibia
7126,-19.73185536,18.08713983,1387,1,90,Semiarid,Namibia
10053,-21.64445843,34.80847036,82,1,90,Dry subhumid,Mozambique
12138,-22.94234436,16.20418117,1276,19,265,Semiarid,Namibia
5836,-18.77811403,17.85672196,1159,1,133,Semiarid,Namibia
10935,-22.19638334,29.89666205,466,3,20,Semiarid,South Africa
1733,-16.15027232,16.34863026,1180,2,90,Dry subhumid,Angola
20259,-27.73476657,18.15074056,1165,2,151,Arid,Namibia
457,-11.67800968,39.88467037,295,7,320,Dry subhumid,Mozambique
21090,-31.30233589,18.14023027,238,2,270,Arid,South Africa
7550,-20.05066746,18.08606186,1263,4,115,Semiarid,Namibia
14876,-25.01826115,32.94895773,16,0,0,Dry subhumid,Mozambique
8774,-20.91116367,21.82529923,1070,1,0,Semiarid,Botswana
11736,-22.56424345,43.70637308,205,1,0,Semiarid,Madagascar
13339,-23.59829418,32.35849509,158,2,29,Dry subhumid,Mozambique
2857,-16.78088965,32.33504906,635,5,23,Dry subhumid,Zimbabwe
5503,-18.55820644,15.17093893,1109,6,320,Semiarid,Namibia
777,-14.04471113,40.13476135,204,7,75,Dry subhumid,Mozambique
16074,-27.35127577,31.78447162,203,8,209,Semiarid,South Africa
20124,-27.17502631,18.44556763,1149,4,48,Arid,Namibia
12302,-22.93641548,35.39947199,132,1,0,Dry subhumid,Mozambique
5515,-18.56305735,16.57258026,1092,8,31,Semiarid,Namibia
7544,-20.04878099,17.38483694,1471,2,208,Semiarid,Namibia
15225,-25.58123534,26.62311133,1345,1,132,Dry subhumid,South Africa
16097,-27.47200935,23.34039778,1447,8,223,Semiarid,South Africa
17194,-31.00131043,22.28074507,1385,9,258,Semiarid,South Africa
7015,-19.63241186,21.35961258,1042,2,245,Semiarid,Botswana
14864,-25.02230357,31.54327397,309,1,180,Dry subhumid,South Africa
4618,-17.94348929,22.64698822,1014,2,332,Semiarid,Namibia
6609,-19.31602522,23.11294435,960,9,218,Semiarid,Botswana
16462,-28.37266025,23.92654851,1382,1,270,Semiarid,South Africa
7054,-19.63483731,25.91730501,981,3,313,Semiarid,Botswana
12100,-22.83292955,34.11155737,163,3,133,Dry subhumid,Mozambique
8158,-20.48293677,21.00738316,1033,1,227,Semiarid,Botswana
16534,-28.59876621,23.80904887,1361,5,180,Semiarid,South Africa
8462,-20.69691547,21.35799561,996,2,245,Semiarid,Botswana
11744,-22.55723659,44.64259727,606,2,180,Semiarid,Madagascar
13103,-23.50019815,24.5140467,1048,3,73,Semiarid,Botswana
7125,-19.73158587,17.97017918,1503,1,47,Semiarid,Namibia
17088,-30.54074419,24.51269923,1480,7,240,Semiarid,South Africa
21183,-31.74592397,21.22324832,1232,3,50,Arid,South Africa
1996,-16.25726168,32.79992722,375,4,345,Semiarid,Mozambique
8317,-20.5910041,22.05949002,952,3,325,Semiarid,Botswana
15080,-25.36105826,25.21688858,1234,1,90,Dry subhumid,Botswana
18053,-32.87268083,25.80519526,544,5,167,Dry subhumid,South Africa
9224,-21.22566385,18.43317088,1503,4,0,Semiarid,Namibia
20298,-27.87813769,19.3233115,877,1,49,Arid,Namibia
8131,-20.47592991,17.85106258,1278,3,122,Semiarid,Namibia
13328,-23.60179761,31.07058047,384,1,133,Dry subhumid,South Africa
517,-12.29191835,40.23851676,166,2,333,Dry subhumid,Mozambique
4083,-17.61174146,15.40863315,1108,2,90,Semiarid,Namibia
5022,-18.23831637,14.23794867,1233,1,270,Semiarid,Namibia
4300,-17.73328352,22.4138754,1009,0,0,Semiarid,Angola
298,-9.650871413,13.81699813,188,5,126,Dry subhumid,Angola
8265,-20.57672089,15.97996167,1240,1,270,Semiarid,Namibia
11097,-22.3079541,27.20575862,974,1,313,Semiarid,Botswana
9628,-21.44826638,26.26899544,1083,1,133,Semiarid,Botswana
14598,-24.69163371,32.01084707,329,3,90,Dry subhumid,Mozambique
18663,-20.22799489,13.71189524,639,10,51,Hyperarid,Namibia
16721,-29.1663218,25.92134743,1314,4,270,Dry subhumid,South Africa
10112,-21.76600049,20.06927251,1333,1,47,Semiarid,Namibia
19033,-23.4476467,15.82257683,904,6,221,Arid,Namibia
15701,-26.57917378,25.21688858,1373,3,90,Semiarid,South Africa
20658,-29.43716386,20.05310283,924,1,270,Arid,South Africa
9920,-21.6563162,19.01662666,1528,3,20,Semiarid,Namibia
4103,-17.61928731,17.74380373,1159,1,0,Dry subhumid,Namibia
16037,-27.35936061,22.40228713,1141,2,209,Semiarid,South Africa
6595,-19.31440825,21.47711222,1032,1,0,Semiarid,Botswana
17864,-32.51937343,24.98242829,758,3,180,Semiarid,South Africa
9995,-21.66170609,27.78975339,941,2,65,Semiarid,Botswana
9504,-21.3326532,31.64918534,389,1,270,Semiarid,Zimbabwe
15914,-27.02491783,26.15499923,1458,3,287,Dry subhumid,South Africa
17969,-32.75410322,23.21912522,807,4,241,Semiarid,South Africa
12894,-23.38404598,18.89481511,1307,2,65,Semiarid,Namibia
3913,-17.49936222,13.54130517,1031,0,0,Semiarid,Namibia
11054,-22.30741511,22.17429471,1061,2,332,Semiarid,Botswana
1865,-16.23678009,12.03132701,192,4,165,Semiarid,Angola
14017,-24.15399201,25.33384923,1192,2,0,Dry subhumid,Botswana
5337,-18.44852215,14.12017954,1335,12,77,Semiarid,Namibia
8314,-20.59046511,21.70887756,973,2,65,Semiarid,Botswana
14127,-24.26313732,23.81120482,1100,3,0,Semiarid,Botswana
9452,-21.34127703,25.56723154,972,2,270,Semiarid,Botswana
17179,-30.88704473,24.74742901,1340,4,131,Semiarid,South Africa
14892,-25.13764725,20.99902883,1012,0,0,Semiarid,Botswana
7066,-19.63375933,27.31975483,1034,3,133,Semiarid,Zimbabwe
19804,-26.05770176,16.983829,1215,1,132,Arid,Namibia
7762,-20.16601114,26.26845645,921,1,90,Semiarid,Botswana
5843,-18.78026998,18.67436853,1188,1,313,Semiarid,Namibia
4748,-18.04347179,19.26051926,1149,4,270,Semiarid,Namibia
15041,-25.16217126,46.07199655,124,1,48,Semiarid,Madagascar
9126,-21.12675934,26.03507414,903,0,0,Semiarid,Botswana
5180,-18.34368875,14.23740968,1230,4,195,Semiarid,Namibia
3076,-16.97977666,14.59449001,1127,5,101,Dry subhumid,Angola
18325,-33.46422145,23.453855,1176,20,110,Semiarid,South Africa
12191,-22.95635807,22.40740753,1129,0,0,Semiarid,Botswana
21037,-31.01451567,18.875142,294,3,106,Arid,South Africa
19887,-26.33635916,17.42256619,1188,1,270,Arid,Namibia
20148,-27.3100431,16.83264254,1510,12,270,Arid,Namibia
12922,-23.39078335,23.22640157,1117,3,73,Semiarid,Botswana
5070,-18.25529453,19.84370554,1142,1,90,Semiarid,Namibia
10016,-21.65793316,30.24646602,555,2,115,Semiarid,Zimbabwe
18272,-33.34591332,24.27689147,453,1,310,Semiarid,South Africa
3854,-17.41932233,25.68284472,1039,1,134,Dry subhumid,Zambia
1927,-16.26884994,24.74904598,1142,1,0,Dry subhumid,Zambia
21131,-31.45271386,20.19566547,1032,0,0,Arid,South Africa
9114,-21.12702883,24.63154634,912,1,90,Semiarid,Botswana
987,-15.11568261,31.62951224,908,5,306,Dry subhumid,Mozambique
3001,-16.89542485,26.2663005,1281,1,270,Dry subhumid,Zambia
14721,-24.91720068,20.76510753,1032,4,228,Semiarid,Botswana
9496,-21.33480916,30.71350014,507,4,122,Semiarid,Zimbabwe
739,-13.74907557,12.62933549,463,19,124,Semiarid,Angola
175,-7.307077005,12.90017755,19,2,244,Dry subhumid,Angola
1422,-15.85167232,25.68257522,1077,2,153,Dry subhumid,Zambia
9206,-21.21946547,16.32814868,1425,2,208,Semiarid,Namibia
8170,-20.48455374,22.41037197,936,3,313,Semiarid,Botswana
14268,-24.37228263,26.5050727,953,0,0,Semiarid,Botswana
4359,-17.73085807,29.30269599,846,4,0,Dry subhumid,Zimbabwe
3456,-17.2018402,18.56225879,1155,3,161,Dry subhumid,Angola
12458,-23.05634057,32.00545718,235,2,245,Semiarid,Mozambique
17261,-31.11854058,25.56965699,1592,1,131,Semiarid,South Africa
19724,-25.78039183,16.83830193,1351,5,320,Arid,Namibia
7134,-19.73401132,19.02201655,1243,2,270,Semiarid,Namibia
16970,-30.08071693,24.74769851,1192,8,306,Semiarid,South Africa
3950,-17.51472341,17.86076438,1161,2,332,Dry subhumid,Namibia
8281,-20.58264977,17.85052359,1280,3,20,Semiarid,Namibia
9772,-21.55471674,22.64321529,1037,5,192,Semiarid,Botswana
10554,-21.98321313,28.60928642,650,1,0,Semiarid,Botswana
16405,-28.14709328,26.15553822,1307,2,150,Dry subhumid,South Africa
3977,-17.52146077,21.01304255,1091,1,270,Semiarid,Angola
3405,-17.18055012,12.6091234,581,33,241,Dry subhumid,Angola
16914,-29.85137704,25.5693875,1366,4,270,Dry subhumid,South Africa
17286,-31.23442325,23.80770139,1411,1,270,Semiarid,South Africa
14423,-24.46256331,34.93809726,62,1,90,Dry subhumid,Mozambique
8907,-21.01303262,19.01851312,1431,1,0,Semiarid,Namibia
10305,-21.8751458,21.00495771,1206,3,216,Semiarid,Botswana
18138,-33.10363769,19.92670987,618,2,293,Semiarid,South Africa
9067,-21.12029147,19.13520428,1436,0,0,Semiarid,Namibia
12000,-22.84802125,22.40767702,1111,0,0,Semiarid,Botswana
5829,-18.77568857,17.0388059,1093,1,47,Semiarid,Namibia
301,-9.750853904,13.35104199,116,2,270,Semiarid,Angola
2810,-16.79086095,24.39897251,1069,1,226,Dry subhumid,Zambia
13907,-24.04376873,27.32460573,917,1,0,Semiarid,South Africa
20944,-30.58548029,20.78478063,961,3,311,Arid,South Africa
8560,-20.78638767,14.92677683,807,5,111,Semiarid,Namibia
1432,-15.85113334,26.84894779,1014,2,333,Dry subhumid,Zambia
8770,-20.91062468,21.35745663,1049,3,73,Semiarid,Botswana
17673,-32.16714401,23.92466204,1515,1,270,Semiarid,South Africa
5607,-18.57572359,27.31867685,966,3,35,Semiarid,Zimbabwe
4800,-18.04993966,25.33277125,1052,1,270,Dry subhumid,Zimbabwe
4466,-17.8389254,23.23098298,982,3,46,Dry subhumid,Namibia
20567,-29.01297938,21.66791439,994,1,180,Arid,South Africa
15641,-26.46787252,24.27904742,1263,2,331,Semiarid,South Africa
7224,-19.73697576,29.54039021,1371,1,133,Dry subhumid,Zimbabwe
1755,-16.15727918,18.91556619,1220,2,296,Dry subhumid,Angola
2399,-16.57068388,17.28054254,1186,1,134,Dry subhumid,Angola
13167,-23.49049634,32.00680466,214,1,313,Semiarid,Mozambique
10836,-22.19234093,18.31324579,1562,5,157,Semiarid,Namibia
9375,-21.3275328,16.56153099,1516,2,208,Semiarid,Namibia
1303,-15.62826131,33.96414383,493,5,134,Dry subhumid,Mozambique
3518,-17.20965554,25.79953587,1171,1,134,Dry subhumid,Zambia
2210,-16.46450301,16.69762575,1167,2,116,Dry subhumid,Angola
1397,-15.70749272,39.56370232,182,4,0,Dry subhumid,Mozambique
20199,-27.45718714,19.32438947,968,5,180,Arid,Namibia
12633,-23.16737234,30.95227234,429,2,245,Semiarid,South Africa
18,-5.177261298,12.56465679,41,3,108,Dry subhumid,Democratic Republic of the Congo
2718,-16.76660644,13.66203874,1329,4,46,Dry subhumid,Angola
14727,-24.91854815,21.46794941,1062,1,180,Semiarid,Botswana
20356,-28.15868155,18.88268785,884,2,180,Arid,Namibia
14303,-24.35826891,33.53214401,18,1,90,Dry subhumid,Mozambique
20795,-30.00849238,19.75854525,963,1,49,Arid,South Africa
18604,-34.29642073,20.98285915,182,3,50,Semiarid,South Africa
11515,-22.51492594,32.12080087,214,3,107,Semiarid,Mozambique
16446,-28.37131278,22.04924923,1029,0,0,Semiarid,South Africa
4791,-18.04967016,24.28174237,933,1,46,Dry subhumid,Botswana
5123,-18.26014543,26.03372667,894,0,0,Dry subhumid,Zimbabwe
9240,-21.22997576,20.30454128,1212,2,270,Semiarid,Namibia
12124,-22.77148479,44.87867453,752,3,200,Semiarid,Madagascar
1052,-15.1857512,39.90973337,168,2,153,Dry subhumid,Mozambique
11098,-22.3079541,27.32271927,1024,1,313,Semiarid,Botswana
18388,-33.58306856,23.45358551,1404,14,242,Semiarid,South Africa
13159,-23.49292179,31.07031097,350,2,245,Dry subhumid,South Africa
11720,-22.61760338,33.87655809,168,1,270,Dry subhumid,Mozambique
17542,-31.92756332,19.81190518,538,2,31,Semiarid,South Africa
5707,-18.67894002,20.77723478,1089,1,227,Semiarid,Namibia
3909,-17.49720626,13.07427105,1298,3,314,Semiarid,Namibia
8810,-20.91278064,26.03480465,903,0,0,Semiarid,Botswana
5681,-18.67220265,17.74003081,1154,1,270,Semiarid,Namibia
20831,-30.152133,19.90488081,928,1,180,Arid,South Africa
17567,-31.93322271,24.3949301,1317,9,234,Semiarid,South Africa
12944,-23.39132234,25.80196133,1025,1,0,Semiarid,Botswana
5811,-18.76841222,14.93620914,1138,2,295,Semiarid,Namibia
13957,-24.02706006,34.46782921,103,0,0,Dry subhumid,Mozambique
4431,-17.83299651,19.1440976,1077,2,65,Semiarid,Namibia
4096,-17.61686186,16.92642665,1146,1,46,Semiarid,Namibia
475,-11.88066961,40.35197398,129,9,130,Dry subhumid,Mozambique
19820,-26.06416963,19.3281624,1002,0,0,Arid,Namibia
1574,-15.94842088,31.28213372,387,1,314,Semiarid,Mozambique
13786,-23.93165898,29.54928353,1294,1,270,Dry subhumid,South Africa
18903,-21.41969995,14.80766023,868,3,133,Arid,Namibia
3984,-17.52253875,21.83041962,1038,1,226,Semiarid,Angola
19903,-26.34228804,19.76689958,971,3,160,Arid,Namibia
9044,-21.11274562,16.44537882,1988,12,342,Semiarid,Namibia
265,-9.241778632,13.47042809,8,3,72,Semiarid,Angola
9916,-21.65496872,18.54878406,1604,2,0,Semiarid,Namibia
1537,-15.95515825,26.96590844,1005,1,134,Dry subhumid,Zambia
9092,-21.12541186,22.05895103,1102,3,0,Semiarid,Botswana
6345,-19.10501096,25.33304075,986,3,180,Semiarid,Botswana
7845,-20.26626313,19.13762973,1285,2,65,Semiarid,Namibia
12750,-23.28244652,23.46059237,1084,3,180,Semiarid,Botswana
12573,-23.1741097,23.92897396,1038,3,340,Semiarid,Botswana
12688,-23.09083587,45.58394186,728,4,77,Semiarid,Madagascar
3775,-17.4055781,16.46020102,1129,1,0,Semiarid,Namibia
10777,-22.08077017,33.05540809,117,2,0,Dry subhumid,Mozambique
14585,-24.70079653,26.50534219,985,2,246,Dry subhumid,South Africa
17478,-31.6998404,25.56992649,1142,4,0,Semiarid,South Africa
4599,-17.94079435,20.42850879,1069,6,19,Semiarid,Namibia
5712,-18.6797485,21.36122955,1054,1,313,Semiarid,Botswana
6359,-19.10420247,26.96860338,1037,1,270,Semiarid,Zimbabwe
20967,-30.72561747,18.87595048,660,5,180,Arid,South Africa
9835,-21.55094381,30.01227523,666,1,47,Semiarid,Zimbabwe
5547,-18.57248966,20.31020067,1137,2,115,Semiarid,Namibia
1292,-15.63230373,32.68108011,644,27,160,Semiarid,Mozambique
15090,-25.36051927,26.38865104,1024,1,48,Dry subhumid,South Africa
6016,-18.89076276,21.2442689,1033,4,295,Semiarid,Botswana
641,-13.01470283,39.77768102,373,3,72,Dry subhumid,Mozambique
17692,-32.16714401,26.15769418,1420,24,291,Dry subhumid,South Africa
9280,-21.23401818,24.98242829,911,2,0,Semiarid,Botswana
2133,-16.36883243,29.76649617,1161,6,320,Dry subhumid,Zimbabwe
9948,-21.66170609,22.29206385,1072,1,90,Semiarid,Botswana
6491,-19.21065283,25.80034436,1026,2,0,Semiarid,Botswana
11576,-22.62056782,17.02452268,1792,14,201,Semiarid,Namibia
11722,-22.6165254,34.11047939,148,1,180,Dry subhumid,Mozambique
2890,-16.86955337,13.31115679,789,5,249,Dry subhumid,Angola
2637,-16.68656655,24.74904598,1072,4,314,Dry subhumid,Zambia
6232,-18.99640464,28.83781783,1153,3,47,Dry subhumid,Zimbabwe
4316,-17.7343615,24.28201186,943,3,35,Dry subhumid,Namibia
19599,-25.3691431,17.71874074,992,3,36,Arid,Namibia
20376,-28.16434093,21.81586691,1006,2,270,Arid,South Africa
11912,-22.72432324,34.22797903,143,2,115,Dry subhumid,Mozambique
446,-11.47049885,40.34874005,46,2,90,Dry subhumid,Mozambique
15520,-26.24419201,22.16917432,976,1,90,Semiarid,Botswana
8617,-20.80390482,21.59164742,1017,3,90,Semiarid,Botswana
7526,-20.04150464,15.28089272,1215,4,270,Semiarid,Namibia
11200,-22.40524165,17.25952196,1933,4,90,Semiarid,Namibia
941,-15.01300518,31.16274761,889,4,104,Dry subhumid,Mozambique
11914,-22.72351475,34.46216982,130,1,227,Dry subhumid,Mozambique
9087,-21.12460338,21.47414778,1132,1,90,Semiarid,Botswana
929,-15.01570012,29.76353173,854,12,248,Dry subhumid,Zambia
4693,-18.02164272,12.83765481,1049,2,245,Semiarid,Namibia
672,-13.22086618,39.77929799,270,5,202,Dry subhumid,Mozambique
146,-6.394837834,13.02171961,155,1,180,Dry subhumid,Angola
7076,-19.63241186,28.48855285,1194,5,141,Dry subhumid,Zimbabwe
12019,-22.84936872,24.63127685,998,1,180,Semiarid,Botswana
2065,-16.36883243,20.19836041,1188,1,90,Dry subhumid,Angola
5302,-18.36336186,28.48639689,1129,2,270,Dry subhumid,Zimbabwe
8608,-20.80228786,20.53927106,1114,1,47,Semiarid,Namibia
5120,-18.26041493,25.68311421,1050,4,152,Dry subhumid,Zimbabwe
8484,-20.69907143,23.93005194,954,1,180,Semiarid,Botswana
15787,-26.80150682,23.34093677,1097,0,0,Semiarid,South Africa
5460,-18.46900374,28.48639689,1176,3,72,Dry subhumid,Zimbabwe
5540,-18.57087269,19.4925541,1181,1,270,Semiarid,Namibia
10853,-22.19692233,20.30238532,1240,2,332,Semiarid,Botswana
634,-13.02925553,13.09960354,108,14,281,Semiarid,Angola
20565,-29.01270989,21.37443478,1022,1,131,Arid,South Africa
3284,-17.0970068,18.56252828,1155,0,0,Dry subhumid,Angola
6606,-19.31575572,22.7623319,963,1,180,Semiarid,Botswana
10916,-22.19988677,27.67360122,973,1,90,Semiarid,Botswana
3801,-17.41366294,19.49551854,1149,0,0,Dry subhumid,Angola
17898,-32.63229166,20.28055626,630,3,90,Semiarid,South Africa
17219,-31.00265791,25.21742757,1454,3,21,Semiarid,South Africa
999,-15.08172629,39.90919438,217,4,256,Dry subhumid,Mozambique
10441,-21.79995681,44.98674186,229,1,133,Semiarid,Madagascar
10889,-22.20123425,24.51458569,1007,2,115,Semiarid,Botswana
602,-12.82336167,13.10095102,208,8,339,Semiarid,Angola
10845,-22.19503587,19.36616114,1481,1,313,Semiarid,Namibia
12812,-23.27651764,30.71862054,488,2,0,Semiarid,South Africa
3397,-17.08919146,34.08703336,357,4,134,Dry subhumid,Mozambique
14866,-25.02149508,31.77746476,220,2,114,Dry subhumid,South Africa
4663,-17.94295031,27.90186313,925,12,113,Dry subhumid,Zimbabwe
14341,-24.48008046,21.81990933,1107,2,0,Semiarid,Botswana
4762,-18.04670572,20.89527341,1065,3,46,Semiarid,Namibia
13657,-23.8163153,32.24207343,93,5,168,Dry subhumid,Mozambique
1100,-15.31942052,33.0298061,428,1,270,Dry subhumid,Mozambique
618,-12.7373929,49.4441823,72,4,90,Dry subhumid,Madagascar
9180,-21.11220663,33.75339906,112,1,227,Dry subhumid,Mozambique
7092,-19.71811114,14.11371167,1177,3,161,Semiarid,Namibia
2910,-16.87898568,15.64551889,1123,3,314,Dry subhumid,Angola
9773,-21.55498623,22.76017594,1030,4,103,Semiarid,Botswana
17350,-31.35003643,26.62715375,1741,1,180,Dry subhumid,South Africa
15540,-26.24580898,24.51350771,1208,1,132,Semiarid,South Africa
2837,-16.78978298,27.5501727,906,4,103,Dry subhumid,Zambia
11690,-22.62730519,30.36585213,594,10,349,Semiarid,South Africa
10483,-21.98159616,20.30265482,1320,2,0,Semiarid,Namibia
13911,-24.04349923,27.79298732,936,3,107,Semiarid,South Africa
3627,-17.30721258,18.7953716,1162,3,19,Dry subhumid,Angola
17175,-30.88704473,24.27769995,1316,2,90,Semiarid,South Africa
