75457,1419000,-4231000
75458,1419000,-4226000
75459,1419000,-4221000
75460,1419000,-4216000
75461,1419000,-4211000
75693,1424000,-4231000
75694,1424000,-4226000
75695,1424000,-4221000
75696,1424000,-4216000
75697,1424000,-4211000
75698,1424000,-4206000
75928,1429000,-4236000
75929,1429000,-4231000
75930,1429000,-4226000
75931,1429000,-4221000
75932,1429000,-4216000
75933,1429000,-4211000
75934,1429000,-4206000
76164,1434000,-4236000
76165,1434000,-4231000
76166,1434000,-4226000
76167,1434000,-4221000
76168,1434000,-4216000
76169,1434000,-4211000
76170,1434000,-4206000
76399,1439000,-4241000
76400,1439000,-4236000
76401,1439000,-4231000
76402,1439000,-4226000
76403,1439000,-4221000
76404,1439000,-4216000
76405,1439000,-4211000
76406,1439000,-4206000
76407,1439000,-4201000
76635,1444000,-4241000
76636,1444000,-4236000
76637,1444000,-4231000
76638,1444000,-4226000
76639,1444000,-4221000
76640,1444000,-4216000
76641,1444000,-4211000
76642,1444000,-4206000
76643,1444000,-4201000
76870,1449000,-4246000
76871,1449000,-4241000
76872,1449000,-4236000
76873,1449000,-4231000
76874,1449000,-4226000
76875,1449000,-4221000
76876,1449000,-4216000
76877,1449000,-4211000
76878,1449000,-4206000
76879,1449000,-4201000
77083,1454000,-4361000
77084,1454000,-4356000
77105,1454000,-4251000
77106,1454000,-4246000
77107,1454000,-4241000
77108,1454000,-4236000
77109,1454000,-4231000
77110,1454000,-4226000
77111,1454000,-4221000
77112,1454000,-4216000
77113,1454000,-4211000
77114,1454000,-4206000
77115,1454000,-4201000
77116,1454000,-4196000
77313,1459000,-4391000
77314,1459000,-4386000
77315,1459000,-4381000
77316,1459000,-4376000
77317,1459000,-4371000
77318,1459000,-4366000
77319,1459000,-4361000
77320,1459000,-4356000
77321,1459000,-4351000
77339,1459000,-4261000
77340,1459000,-4256000
77341,1459000,-4251000
77342,1459000,-4246000
77343,1459000,-4241000
77344,1459000,-4236000
77345,1459000,-4231000
77346,1459000,-4226000
77347,1459000,-4221000
77348,1459000,-4216000
77349,1459000,-4211000
77350,1459000,-4206000
77351,1459000,-4201000
77352,1459000,-4196000
77548,1464000,-4396000
77549,1464000,-4391000
77550,1464000,-4386000
77551,1464000,-4381000
77552,1464000,-4376000
77553,1464000,-4371000
77554,1464000,-4366000
77555,1464000,-4361000
77556,1464000,-4356000
77557,1464000,-4351000
77574,1464000,-4266000
77575,1464000,-4261000
77576,1464000,-4256000
77577,1464000,-4251000
77578,1464000,-4246000
77579,1464000,-4241000
77580,1464000,-4236000
77581,1464000,-4231000
77582,1464000,-4226000
77583,1464000,-4221000
77584,1464000,-4216000
77585,1464000,-4211000
77586,1464000,-4206000
77587,1464000,-4201000
77588,1464000,-4196000
77589,1464000,-4191000
77783,1469000,-4401000
77784,1469000,-4396000
77785,1469000,-4391000
77786,1469000,-4386000
77787,1469000,-4381000
77788,1469000,-4376000
77789,1469000,-4371000
77790,1469000,-4366000
77791,1469000,-4361000
77792,1469000,-4356000
77793,1469000,-4351000
77794,1469000,-4346000
77795,1469000,-4341000
77808,1469000,-4276000
77809,1469000,-4271000
77810,1469000,-4266000
77811,1469000,-4261000
77812,1469000,-4256000
77813,1469000,-4251000
77814,1469000,-4246000
77815,1469000,-4241000
77816,1469000,-4236000
77817,1469000,-4231000
77818,1469000,-4226000
77819,1469000,-4221000
77820,1469000,-4216000
77821,1469000,-4211000
77822,1469000,-4206000
77823,1469000,-4201000
77824,1469000,-4196000
77825,1469000,-4191000
78019,1474000,-4401000
78020,1474000,-4396000
78021,1474000,-4391000
78022,1474000,-4386000
78023,1474000,-4381000
78024,1474000,-4376000
78025,1474000,-4371000
78026,1474000,-4366000
78027,1474000,-4361000
78028,1474000,-4356000
78029,1474000,-4351000
78030,1474000,-4346000
78031,1474000,-4341000
78032,1474000,-4336000
78043,1474000,-4281000
78044,1474000,-4276000
78045,1474000,-4271000
78046,1474000,-4266000
78047,1474000,-4261000
78048,1474000,-4256000
78049,1474000,-4251000
78050,1474000,-4246000
78051,1474000,-4241000
78052,1474000,-4236000
78053,1474000,-4231000
78054,1474000,-4226000
78055,1474000,-4221000
78056,1474000,-4216000
78057,1474000,-4211000
78058,1474000,-4206000
78059,1474000,-4201000
78060,1474000,-4196000
78061,1474000,-4191000
78253,1479000,-4411000
78254,1479000,-4406000
78255,1479000,-4401000
78256,1479000,-4396000
78257,1479000,-4391000
78258,1479000,-4386000
78259,1479000,-4381000
78260,1479000,-4376000
78261,1479000,-4371000
78262,1479000,-4366000
78263,1479000,-4361000
78264,1479000,-4356000
78265,1479000,-4351000
78266,1479000,-4346000
78267,1479000,-4341000
78268,1479000,-4336000
78269,1479000,-4331000
78278,1479000,-4286000
78279,1479000,-4281000
78280,1479000,-4276000
78281,1479000,-4271000
78282,1479000,-4266000
78283,1479000,-4261000
78284,1479000,-4256000
78285,1479000,-4251000
78286,1479000,-4246000
78287,1479000,-4241000
78288,1479000,-4236000
78289,1479000,-4231000
78290,1479000,-4226000
78291,1479000,-4221000
78292,1479000,-4216000
78293,1479000,-4211000
78294,1479000,-4206000
78295,1479000,-4201000
78296,1479000,-4196000
78297,1479000,-4191000
78489,1484000,-4411000
78490,1484000,-4406000
78491,1484000,-4401000
78492,1484000,-4396000
78493,1484000,-4391000
78494,1484000,-4386000
78495,1484000,-4381000
78496,1484000,-4376000
78497,1484000,-4371000
78498,1484000,-4366000
78499,1484000,-4361000
78500,1484000,-4356000
78501,1484000,-4351000
78502,1484000,-4346000
78503,1484000,-4341000
78504,1484000,-4336000
78505,1484000,-4331000
78506,1484000,-4326000
78507,1484000,-4321000
78508,1484000,-4316000
78509,1484000,-4311000
78510,1484000,-4306000
78511,1484000,-4301000
78512,1484000,-4296000
78513,1484000,-4291000
78514,1484000,-4286000
78515,1484000,-4281000
78516,1484000,-4276000
78517,1484000,-4271000
78518,1484000,-4266000
78519,1484000,-4261000
78520,1484000,-4256000
78521,1484000,-4251000
78522,1484000,-4246000
78523,1484000,-4241000
78524,1484000,-4236000
78525,1484000,-4231000
78526,1484000,-4226000
78527,1484000,-4221000
78528,1484000,-4216000
78529,1484000,-4211000
78530,1484000,-4206000
78531,1484000,-4201000
78532,1484000,-4196000
78724,1489000,-4416000
78725,1489000,-4411000
78726,1489000,-4406000
78727,1489000,-4401000
78728,1489000,-4396000
78729,1489000,-4391000
78730,1489000,-4386000
78731,1489000,-4381000
78732,1489000,-4376000
78733,1489000,-4371000
78734,1489000,-4366000
78735,1489000,-4361000
78736,1489000,-4356000
78737,1489000,-4351000
78738,1489000,-4346000
78739,1489000,-4341000
78740,1489000,-4336000
78741,1489000,-4331000
78742,1489000,-4326000
78743,1489000,-4321000
78744,1489000,-4316000
78745,1489000,-4311000
78746,1489000,-4306000
78747,1489000,-4301000
78748,1489000,-4296000
78749,1489000,-4291000
78750,1489000,-4286000
78751,1489000,-4281000
78752,1489000,-4276000
78753,1489000,-4271000
78754,1489000,-4266000
78755,1489000,-4261000
78756,1489000,-4256000
78757,1489000,-4251000
78758,1489000,-4246000
78759,1489000,-4241000
78760,1489000,-4236000
78761,1489000,-4231000
78762,1489000,-4226000
78763,1489000,-4221000
78764,1489000,-4216000
78765,1489000,-4211000
78766,1489000,-4206000
78767,1489000,-4201000
78768,1489000,-4196000
78958,1494000,-4426000
78959,1494000,-4421000
78960,1494000,-4416000
78961,1494000,-4411000
78962,1494000,-4406000
78963,1494000,-4401000
78964,1494000,-4396000
78965,1494000,-4391000
78966,1494000,-4386000
78967,1494000,-4381000
78968,1494000,-4376000
78969,1494000,-4371000
78970,1494000,-4366000
78971,1494000,-4361000
78972,1494000,-4356000
78973,1494000,-4351000
78974,1494000,-4346000
78975,1494000,-4341000
78976,1494000,-4336000
78977,1494000,-4331000
78978,1494000,-4326000
78979,1494000,-4321000
78980,1494000,-4316000
78981,1494000,-4311000
78982,1494000,-4306000
78983,1494000,-4301000
78984,1494000,-4296000
78985,1494000,-4291000
78986,1494000,-4286000
78987,1494000,-4281000
78988,1494000,-4276000
78989,1494000,-4271000
78990,1494000,-4266000
78991,1494000,-4261000
78992,1494000,-4256000
78993,1494000,-4251000
78994,1494000,-4246000
78995,1494000,-4241000
78996,1494000,-4236000
78997,1494000,-4231000
78998,1494000,-4226000
78999,1494000,-4221000
79000,1494000,-4216000
79001,1494000,-4211000
79002,1494000,-4206000
79003,1494000,-4201000
79004,1494000,-4196000
79194,1499000,-4426000
79195,1499000,-4421000
79196,1499000,-4416000
79197,1499000,-4411000
79198,1499000,-4406000
79199,1499000,-4401000
79200,1499000,-4396000
79201,1499000,-4391000
79202,1499000,-4386000
79203,1499000,-4381000
79204,1499000,-4376000
79205,1499000,-4371000
79206,1499000,-4366000
79207,1499000,-4361000
79208,1499000,-4356000
79209,1499000,-4351000
79210,1499000,-4346000
79211,1499000,-4341000
79212,1499000,-4336000
79213,1499000,-4331000
79214,1499000,-4326000
79215,1499000,-4321000
79216,1499000,-4316000
79217,1499000,-4311000
79218,1499000,-4306000
79219,1499000,-4301000
79220,1499000,-4296000
79221,1499000,-4291000
79222,1499000,-4286000
79223,1499000,-4281000
79224,1499000,-4276000
79225,1499000,-4271000
79226,1499000,-4266000
79227,1499000,-4261000
79228,1499000,-4256000
79229,1499000,-4251000
79230,1499000,-4246000
79231,1499000,-4241000
79232,1499000,-4236000
79233,1499000,-4231000
79234,1499000,-4226000
79235,1499000,-4221000
79236,1499000,-4216000
79237,1499000,-4211000
79238,1499000,-4206000
79239,1499000,-4201000
79240,1499000,-4196000
79429,1504000,-4431000
79430,1504000,-4426000
79431,1504000,-4421000
79432,1504000,-4416000
79433,1504000,-4411000
79434,1504000,-4406000
79435,1504000,-4401000
79436,1504000,-4396000
79437,1504000,-4391000
79438,1504000,-4386000
79439,1504000,-4381000
79440,1504000,-4376000
79441,1504000,-4371000
79442,1504000,-4366000
79443,1504000,-4361000
79444,1504000,-4356000
79445,1504000,-4351000
79446,1504000,-4346000
79447,1504000,-4341000
79448,1504000,-4336000
79449,1504000,-4331000
79450,1504000,-4326000
79451,1504000,-4321000
79452,1504000,-4316000
79453,1504000,-4311000
79454,1504000,-4306000
79455,1504000,-4301000
79456,1504000,-4296000
79457,1504000,-4291000
79458,1504000,-4286000
79459,1504000,-4281000
79460,1504000,-4276000
79461,1504000,-4271000
79462,1504000,-4266000
79463,1504000,-4261000
79464,1504000,-4256000
79465,1504000,-4251000
79466,1504000,-4246000
79467,1504000,-4241000
79468,1504000,-4236000
79469,1504000,-4231000
79470,1504000,-4226000
79471,1504000,-4221000
79472,1504000,-4216000
79473,1504000,-4211000
79474,1504000,-4206000
79475,1504000,-4201000
79476,1504000,-4196000
79477,1504000,-4191000
79665,1509000,-4431000
79666,1509000,-4426000
79667,1509000,-4421000
79668,1509000,-4416000
79669,1509000,-4411000
79670,1509000,-4406000
79671,1509000,-4401000
79672,1509000,-4396000
79673,1509000,-4391000
79674,1509000,-4386000
79675,1509000,-4381000
79676,1509000,-4376000
79677,1509000,-4371000
79678,1509000,-4366000
79679,1509000,-4361000
79680,1509000,-4356000
79681,1509000,-4351000
79682,1509000,-4346000
79683,1509000,-4341000
79684,1509000,-4336000
79685,1509000,-4331000
79686,1509000,-4326000
79687,1509000,-4321000
79688,1509000,-4316000
79689,1509000,-4311000
79690,1509000,-4306000
79691,1509000,-4301000
79692,1509000,-4296000
79693,1509000,-4291000
79694,1509000,-4286000
79695,1509000,-4281000
79696,1509000,-4276000
79697,1509000,-4271000
79698,1509000,-4266000
79699,1509000,-4261000
79700,1509000,-4256000
79701,1509000,-4251000
79702,1509000,-4246000
79703,1509000,-4241000
79704,1509000,-4236000
79705,1509000,-4231000
79706,1509000,-4226000
79707,1509000,-4221000
79708,1509000,-4216000
79709,1509000,-4211000
79710,1509000,-4206000
79711,1509000,-4201000
79712,1509000,-4196000
79713,1509000,-4191000
79900,1514000,-4436000
79901,1514000,-4431000
79902,1514000,-4426000
79903,1514000,-4421000
79904,1514000,-4416000
79905,1514000,-4411000
79906,1514000,-4406000
79907,1514000,-4401000
79908,1514000,-4396000
79909,1514000,-4391000
79910,1514000,-4386000
79911,1514000,-4381000
79912,1514000,-4376000
79913,1514000,-4371000
79914,1514000,-4366000
79915,1514000,-4361000
79916,1514000,-4356000
79917,1514000,-4351000
79918,1514000,-4346000
79919,1514000,-4341000
79920,1514000,-4336000
79921,1514000,-4331000
79922,1514000,-4326000
79923,1514000,-4321000
79924,1514000,-4316000
79925,1514000,-4311000
79926,1514000,-4306000
79927,1514000,-4301000
79928,1514000,-4296000
79929,1514000,-4291000
79930,1514000,-4286000
79931,1514000,-4281000
79932,1514000,-4276000
79933,1514000,-4271000
79934,1514000,-4266000
79935,1514000,-4261000
79936,1514000,-4256000
79937,1514000,-4251000
79938,1514000,-4246000
79939,1514000,-4241000
79940,1514000,-4236000
79941,1514000,-4231000
79942,1514000,-4226000
79943,1514000,-4221000
79944,1514000,-4216000
79945,1514000,-4211000
79946,1514000,-4206000
79947,1514000,-4201000
79948,1514000,-4196000
79949,1514000,-4191000
80136,1519000,-4436000
80137,1519000,-4431000
80138,1519000,-4426000
80139,1519000,-4421000
80140,1519000,-4416000
80141,1519000,-4411000
80142,1519000,-4406000
80143,1519000,-4401000
80144,1519000,-4396000
80145,1519000,-4391000
80146,1519000,-4386000
80147,1519000,-4381000
80148,1519000,-4376000
80149,1519000,-4371000
80150,1519000,-4366000
80151,1519000,-4361000
80152,1519000,-4356000
80153,1519000,-4351000
80154,1519000,-4346000
80155,1519000,-4341000
80156,1519000,-4336000
80157,1519000,-4331000
80158,1519000,-4326000
80159,1519000,-4321000
80160,1519000,-4316000
80161,1519000,-4311000
80162,1519000,-4306000
80163,1519000,-4301000
80164,1519000,-4296000
80165,1519000,-4291000
80166,1519000,-4286000
80167,1519000,-4281000
80168,1519000,-4276000
80169,1519000,-4271000
80170,1519000,-4266000
80171,1519000,-4261000
80172,1519000,-4256000
80173,1519000,-4251000
80174,1519000,-4246000
80175,1519000,-4241000
80176,1519000,-4236000
80177,1519000,-4231000
80178,1519000,-4226000
80179,1519000,-4221000
80180,1519000,-4216000
80181,1519000,-4211000
80182,1519000,-4206000
80183,1519000,-4201000
80184,1519000,-4196000
80185,1519000,-4191000
80371,1524000,-4441000
80372,1524000,-4436000
80373,1524000,-4431000
80374,1524000,-4426000
80375,1524000,-4421000
80376,1524000,-4416000
80377,1524000,-4411000
80378,1524000,-4406000
80379,1524000,-4401000
80380,1524000,-4396000
80381,1524000,-4391000
80382,1524000,-4386000
80383,1524000,-4381000
80384,1524000,-4376000
80385,1524000,-4371000
80386,1524000,-4366000
80387,1524000,-4361000
80388,1524000,-4356000
80389,1524000,-4351000
80390,1524000,-4346000
80391,1524000,-4341000
80392,1524000,-4336000
80393,1524000,-4331000
80394,1524000,-4326000
80395,1524000,-4321000
80396,1524000,-4316000
80397,1524000,-4311000
80398,1524000,-4306000
80399,1524000,-4301000
80400,1524000,-4296000
80401,1524000,-4291000
80402,1524000,-4286000
80403,1524000,-4281000
80404,1524000,-4276000
80405,1524000,-4271000
80406,1524000,-4266000
80407,1524000,-4261000
80408,1524000,-4256000
80409,1524000,-4251000
80410,1524000,-4246000
80411,1524000,-4241000
80412,1524000,-4236000
80413,1524000,-4231000
80414,1524000,-4226000
80415,1524000,-4221000
80416,1524000,-4216000
80417,1524000,-4211000
80418,1524000,-4206000
80419,1524000,-4201000
80420,1524000,-4196000
80421,1524000,-4191000
80607,1529000,-4441000
80608,1529000,-4436000
80609,1529000,-4431000
80610,1529000,-4426000
80611,1529000,-4421000
80612,1529000,-4416000
80613,1529000,-4411000
80614,1529000,-4406000
80615,1529000,-4401000
80616,1529000,-4396000
80617,1529000,-4391000
80618,1529000,-4386000
80619,1529000,-4381000
80620,1529000,-4376000
80621,1529000,-4371000
80622,1529000,-4366000
80623,1529000,-4361000
80624,1529000,-4356000
80625,1529000,-4351000
80626,1529000,-4346000
80627,1529000,-4341000
80628,1529000,-4336000
80629,1529000,-4331000
80630,1529000,-4326000
80631,1529000,-4321000
80632,1529000,-4316000
80633,1529000,-4311000
80634,1529000,-4306000
80635,1529000,-4301000
80636,1529000,-4296000
80637,1529000,-4291000
80638,1529000,-4286000
80639,1529000,-4281000
80640,1529000,-4276000
80641,1529000,-4271000
80642,1529000,-4266000
80643,1529000,-4261000
80644,1529000,-4256000
80645,1529000,-4251000
80646,1529000,-4246000
80647,1529000,-4241000
80648,1529000,-4236000
80649,1529000,-4231000
80650,1529000,-4226000
80651,1529000,-4221000
80652,1529000,-4216000
80653,1529000,-4211000
80654,1529000,-4206000
80655,1529000,-4201000
80656,1529000,-4196000
80657,1529000,-4191000
80658,1529000,-4186000
80839,1534000,-4461000
80840,1534000,-4456000
80841,1534000,-4451000
80842,1534000,-4446000
80843,1534000,-4441000
80844,1534000,-4436000
80845,1534000,-4431000
80846,1534000,-4426000
80847,1534000,-4421000
80848,1534000,-4416000
80849,1534000,-4411000
80850,1534000,-4406000
80851,1534000,-4401000
80852,1534000,-4396000
80853,1534000,-4391000
80854,1534000,-4386000
80855,1534000,-4381000
80856,1534000,-4376000
80857,1534000,-4371000
80858,1534000,-4366000
80859,1534000,-4361000
80860,1534000,-4356000
80861,1534000,-4351000
80862,1534000,-4346000
80863,1534000,-4341000
80864,1534000,-4336000
80865,1534000,-4331000
80866,1534000,-4326000
80867,1534000,-4321000
80868,1534000,-4316000
80869,1534000,-4311000
80870,1534000,-4306000
80871,1534000,-4301000
80872,1534000,-4296000
80873,1534000,-4291000
80874,1534000,-4286000
80875,1534000,-4281000
80876,1534000,-4276000
80877,1534000,-4271000
80878,1534000,-4266000
80879,1534000,-4261000
80880,1534000,-4256000
80881,1534000,-4251000
80882,1534000,-4246000
80883,1534000,-4241000
80884,1534000,-4236000
80885,1534000,-4231000
80886,1534000,-4226000
80887,1534000,-4221000
80888,1534000,-4216000
80889,1534000,-4211000
80890,1534000,-4206000
80891,1534000,-4201000
80892,1534000,-4196000
80893,1534000,-4191000
80894,1534000,-4186000
81073,1539000,-4471000
81074,1539000,-4466000
81075,1539000,-4461000
81076,1539000,-4456000
81077,1539000,-4451000
81078,1539000,-4446000
81079,1539000,-4441000
81080,1539000,-4436000
81081,1539000,-4431000
81082,1539000,-4426000
81083,1539000,-4421000
81084,1539000,-4416000
81085,1539000,-4411000
81086,1539000,-4406000
81087,1539000,-4401000
81088,1539000,-4396000
81089,1539000,-4391000
81090,1539000,-4386000
81091,1539000,-4381000
81092,1539000,-4376000
81093,1539000,-4371000
81094,1539000,-4366000
81095,1539000,-4361000
81096,1539000,-4356000
81097,1539000,-4351000
81098,1539000,-4346000
81099,1539000,-4341000
81100,1539000,-4336000
81101,1539000,-4331000
81102,1539000,-4326000
81103,1539000,-4321000
81104,1539000,-4316000
81105,1539000,-4311000
81106,1539000,-4306000
81107,1539000,-4301000
81108,1539000,-4296000
81109,1539000,-4291000
81110,1539000,-4286000
81111,1539000,-4281000
81112,1539000,-4276000
81113,1539000,-4271000
81114,1539000,-4266000
81115,1539000,-4261000
81116,1539000,-4256000
81117,1539000,-4251000
81118,1539000,-4246000
81119,1539000,-4241000
81120,1539000,-4236000
81121,1539000,-4231000
81122,1539000,-4226000
81123,1539000,-4221000
81124,1539000,-4216000
81125,1539000,-4211000
81126,1539000,-4206000
81127,1539000,-4201000
81128,1539000,-4196000
81129,1539000,-4191000
81130,1539000,-4186000
81307,1544000,-4481000
81308,1544000,-4476000
81309,1544000,-4471000
81310,1544000,-4466000
81311,1544000,-4461000
81312,1544000,-4456000
81313,1544000,-4451000
81314,1544000,-4446000
81315,1544000,-4441000
81316,1544000,-4436000
81317,1544000,-4431000
81318,1544000,-4426000
81319,1544000,-4421000
81320,1544000,-4416000
81321,1544000,-4411000
81322,1544000,-4406000
81323,1544000,-4401000
81324,1544000,-4396000
81325,1544000,-4391000
81326,1544000,-4386000
81327,1544000,-4381000
81328,1544000,-4376000
81329,1544000,-4371000
81330,1544000,-4366000
81331,1544000,-4361000
81332,1544000,-4356000
81333,1544000,-4351000
81334,1544000,-4346000
81335,1544000,-4341000
81336,1544000,-4336000
81337,1544000,-4331000
81338,1544000,-4326000
81339,1544000,-4321000
81340,1544000,-4316000
81341,1544000,-4311000
81342,1544000,-4306000
81343,1544000,-4301000
81344,1544000,-4296000
81345,1544000,-4291000
81346,1544000,-4286000
81347,1544000,-4281000
81348,1544000,-4276000
81349,1544000,-4271000
81350,1544000,-4266000
81351,1544000,-4261000
81352,1544000,-4256000
81353,1544000,-4251000
81354,1544000,-4246000
81355,1544000,-4241000
81356,1544000,-4236000
81357,1544000,-4231000
81358,1544000,-4226000
81359,1544000,-4221000
81360,1544000,-4216000
81361,1544000,-4211000
81362,1544000,-4206000
81363,1544000,-4201000
81364,1544000,-4196000
81365,1544000,-4191000
81366,1544000,-4186000
81543,1549000,-4481000
81544,1549000,-4476000
81545,1549000,-4471000
81546,1549000,-4466000
81547,1549000,-4461000
81548,1549000,-4456000
81549,1549000,-4451000
81550,1549000,-4446000
81551,1549000,-4441000
81552,1549000,-4436000
81553,1549000,-4431000
81554,1549000,-4426000
81555,1549000,-4421000
81556,1549000,-4416000
81557,1549000,-4411000
81558,1549000,-4406000
81559,1549000,-4401000
81560,1549000,-4396000
81561,1549000,-4391000
81562,1549000,-4386000
81563,1549000,-4381000
81564,1549000,-4376000
81565,1549000,-4371000
81566,1549000,-4366000
81567,1549000,-4361000
81568,1549000,-4356000
81569,1549000,-4351000
81570,1549000,-4346000
81571,1549000,-4341000
81572,1549000,-4336000
81573,1549000,-4331000
81574,1549000,-4326000
81575,1549000,-4321000
81576,1549000,-4316000
81577,1549000,-4311000
81578,1549000,-4306000
81579,1549000,-4301000
81580,1549000,-4296000
81581,1549000,-4291000
81582,1549000,-4286000
81583,1549000,-4281000
81584,1549000,-4276000
81585,1549000,-4271000
81586,1549000,-4266000
81587,1549000,-4261000
81588,1549000,-4256000
81589,1549000,-4251000
81590,1549000,-4246000
81591,1549000,-4241000
81592,1549000,-4236000
81593,1549000,-4231000
81594,1549000,-4226000
81595,1549000,-4221000
81596,1549000,-4216000
81597,1549000,-4211000
81598,1549000,-4206000
81599,1549000,-4201000
81600,1549000,-4196000
81601,1549000,-4191000
81602,1549000,-4186000
81603,1549000,-4181000
81604,1549000,-4176000
81779,1554000,-4481000
81780,1554000,-4476000
81781,1554000,-4471000
81782,1554000,-4466000
81783,1554000,-4461000
81784,1554000,-4456000
81785,1554000,-4451000
81786,1554000,-4446000
81787,1554000,-4441000
81788,1554000,-4436000
81789,1554000,-4431000
81790,1554000,-4426000
81791,1554000,-4421000
81792,1554000,-4416000
81793,1554000,-4411000
81794,1554000,-4406000
81795,1554000,-4401000
81796,1554000,-4396000
81797,1554000,-4391000
81798,1554000,-4386000
81799,1554000,-4381000
81800,1554000,-4376000
81801,1554000,-4371000
81802,1554000,-4366000
81803,1554000,-4361000
81804,1554000,-4356000
81805,1554000,-4351000
81806,1554000,-4346000
81807,1554000,-4341000
81808,1554000,-4336000
81809,1554000,-4331000
81810,1554000,-4326000
81811,1554000,-4321000
81812,1554000,-4316000
81813,1554000,-4311000
81814,1554000,-4306000
81815,1554000,-4301000
81816,1554000,-4296000
81817,1554000,-4291000
81818,1554000,-4286000
81819,1554000,-4281000
81820,1554000,-4276000
81821,1554000,-4271000
81822,1554000,-4266000
81823,1554000,-4261000
81824,1554000,-4256000
81825,1554000,-4251000
81826,1554000,-4246000
81827,1554000,-4241000
81828,1554000,-4236000
81829,1554000,-4231000
81830,1554000,-4226000
81831,1554000,-4221000
81832,1554000,-4216000
81833,1554000,-4211000
81834,1554000,-4206000
81835,1554000,-4201000
81836,1554000,-4196000
81837,1554000,-4191000
81838,1554000,-4186000
81839,1554000,-4181000
81840,1554000,-4176000
81841,1554000,-4171000
82013,1559000,-4491000
82014,1559000,-4486000
82015,1559000,-4481000
82016,1559000,-4476000
82017,1559000,-4471000
82018,1559000,-4466000
82019,1559000,-4461000
82020,1559000,-4456000
82021,1559000,-4451000
82022,1559000,-4446000
82023,1559000,-4441000
82024,1559000,-4436000
82025,1559000,-4431000
82026,1559000,-4426000
82027,1559000,-4421000
82028,1559000,-4416000
82029,1559000,-4411000
82030,1559000,-4406000
82031,1559000,-4401000
82032,1559000,-4396000
82033,1559000,-4391000
82034,1559000,-4386000
82035,1559000,-4381000
82036,1559000,-4376000
82037,1559000,-4371000
82038,1559000,-4366000
82039,1559000,-4361000
82040,1559000,-4356000
82041,1559000,-4351000
82042,1559000,-4346000
82043,1559000,-4341000
82044,1559000,-4336000
82045,1559000,-4331000
82046,1559000,-4326000
82047,1559000,-4321000
82048,1559000,-4316000
82049,1559000,-4311000
82050,1559000,-4306000
82051,1559000,-4301000
82052,1559000,-4296000
82053,1559000,-4291000
82054,1559000,-4286000
82055,1559000,-4281000
82056,1559000,-4276000
82057,1559000,-4271000
82058,1559000,-4266000
82059,1559000,-4261000
82060,1559000,-4256000
82061,1559000,-4251000
82062,1559000,-4246000
82063,1559000,-4241000
82064,1559000,-4236000
82065,1559000,-4231000
82066,1559000,-4226000
82067,1559000,-4221000
82068,1559000,-4216000
82069,1559000,-4211000
82070,1559000,-4206000
82071,1559000,-4201000
82072,1559000,-4196000
82073,1559000,-4191000
82074,1559000,-4186000
82075,1559000,-4181000
82076,1559000,-4176000
82249,1564000,-4491000
82250,1564000,-4486000
82251,1564000,-4481000
82252,1564000,-4476000
82253,1564000,-4471000
82254,1564000,-4466000
82255,1564000,-4461000
82256,1564000,-4456000
82257,1564000,-4451000
82258,1564000,-4446000
82259,1564000,-4441000
82260,1564000,-4436000
82261,1564000,-4431000
82262,1564000,-4426000
82263,1564000,-4421000
82264,1564000,-4416000
82265,1564000,-4411000
82266,1564000,-4406000
82267,1564000,-4401000
82268,1564000,-4396000
82269,1564000,-4391000
82270,1564000,-4386000
82271,1564000,-4381000
82272,1564000,-4376000
82273,1564000,-4371000
82274,1564000,-4366000
82275,1564000,-4361000
82276,1564000,-4356000
82277,1564000,-4351000
82278,1564000,-4346000
82279,1564000,-4341000
82280,1564000,-4336000
82281,1564000,-4331000
82282,1564000,-4326000
82283,1564000,-4321000
82284,1564000,-4316000
82285,1564000,-4311000
82286,1564000,-4306000
82287,1564000,-4301000
82288,1564000,-4296000
82289,1564000,-4291000
82290,1564000,-4286000
82291,1564000,-4281000
82292,1564000,-4276000
82293,1564000,-4271000
82294,1564000,-4266000
82295,1564000,-4261000
82296,1564000,-4256000
82297,1564000,-4251000
82298,1564000,-4246000
82299,1564000,-4241000
82300,1564000,-4236000
82301,1564000,-4231000
82302,1564000,-4226000
82303,1564000,-4221000
82304,1564000,-4216000
82305,1564000,-4211000
82306,1564000,-4206000
82307,1564000,-4201000
82308,1564000,-4196000
82309,1564000,-4191000
82310,1564000,-4186000
82311,1564000,-4181000
82312,1564000,-4176000
82484,1569000,-4496000
82485,1569000,-4491000
82486,1569000,-4486000
82487,1569000,-4481000
82488,1569000,-4476000
82489,1569000,-4471000
82490,1569000,-4466000
82491,1569000,-4461000
82492,1569000,-4456000
82493,1569000,-4451000
82494,1569000,-4446000
82495,1569000,-4441000
82496,1569000,-4436000
82497,1569000,-4431000
82498,1569000,-4426000
82499,1569000,-4421000
82500,1569000,-4416000
82501,1569000,-4411000
82502,1569000,-4406000
82503,1569000,-4401000
82504,1569000,-4396000
82505,1569000,-4391000
82506,1569000,-4386000
82507,1569000,-4381000
82508,1569000,-4376000
82509,1569000,-4371000
82510,1569000,-4366000
82511,1569000,-4361000
82512,1569000,-4356000
82513,1569000,-4351000
82514,1569000,-4346000
82515,1569000,-4341000
82516,1569000,-4336000
82517,1569000,-4331000
82518,1569000,-4326000
82519,1569000,-4321000
82520,1569000,-4316000
82521,1569000,-4311000
82522,1569000,-4306000
82523,1569000,-4301000
82524,1569000,-4296000
82525,1569000,-4291000
82526,1569000,-4286000
82527,1569000,-4281000
82528,1569000,-4276000
82529,1569000,-4271000
82530,1569000,-4266000
82531,1569000,-4261000
82532,1569000,-4256000
82533,1569000,-4251000
82534,1569000,-4246000
82535,1569000,-4241000
82536,1569000,-4236000
82537,1569000,-4231000
82538,1569000,-4226000
82539,1569000,-4221000
82540,1569000,-4216000
82541,1569000,-4211000
82542,1569000,-4206000
82543,1569000,-4201000
82544,1569000,-4196000
82545,1569000,-4191000
82546,1569000,-4186000
82547,1569000,-4181000
82548,1569000,-4176000
82720,1574000,-4496000
82721,1574000,-4491000
82722,1574000,-4486000
82723,1574000,-4481000
82724,1574000,-4476000
82725,1574000,-4471000
82726,1574000,-4466000
82727,1574000,-4461000
82728,1574000,-4456000
82729,1574000,-4451000
82730,1574000,-4446000
82731,1574000,-4441000
82732,1574000,-4436000
82733,1574000,-4431000
82734,1574000,-4426000
82735,1574000,-4421000
82736,1574000,-4416000
82737,1574000,-4411000
82738,1574000,-4406000
82739,1574000,-4401000
82740,1574000,-4396000
82741,1574000,-4391000
82742,1574000,-4386000
82743,1574000,-4381000
82744,1574000,-4376000
82745,1574000,-4371000
82746,1574000,-4366000
82747,1574000,-4361000
82748,1574000,-4356000
82749,1574000,-4351000
82750,1574000,-4346000
82751,1574000,-4341000
82752,1574000,-4336000
82753,1574000,-4331000
82754,1574000,-4326000
82755,1574000,-4321000
82756,1574000,-4316000
82757,1574000,-4311000
82758,1574000,-4306000
82759,1574000,-4301000
82760,1574000,-4296000
82761,1574000,-4291000
82762,1574000,-4286000
82763,1574000,-4281000
82764,1574000,-4276000
82765,1574000,-4271000
82766,1574000,-4266000
82767,1574000,-4261000
82768,1574000,-4256000
82769,1574000,-4251000
82770,1574000,-4246000
82771,1574000,-4241000
82772,1574000,-4236000
82773,1574000,-4231000
82774,1574000,-4226000
82775,1574000,-4221000
82776,1574000,-4216000
82777,1574000,-4211000
82778,1574000,-4206000
82779,1574000,-4201000
82780,1574000,-4196000
82781,1574000,-4191000
82782,1574000,-4186000
82783,1574000,-4181000
82784,1574000,-4176000
82956,1579000,-4496000
82957,1579000,-4491000
82958,1579000,-4486000
82959,1579000,-4481000
82960,1579000,-4476000
82961,1579000,-4471000
82962,1579000,-4466000
82963,1579000,-4461000
82964,1579000,-4456000
82965,1579000,-4451000
82966,1579000,-4446000
82967,1579000,-4441000
82968,1579000,-4436000
82969,1579000,-4431000
82970,1579000,-4426000
82971,1579000,-4421000
82972,1579000,-4416000
82973,1579000,-4411000
82974,1579000,-4406000
82975,1579000,-4401000
82976,1579000,-4396000
82977,1579000,-4391000
82978,1579000,-4386000
82979,1579000,-4381000
82980,1579000,-4376000
82981,1579000,-4371000
82982,1579000,-4366000
82983,1579000,-4361000
82984,1579000,-4356000
82985,1579000,-4351000
82986,1579000,-4346000
82987,1579000,-4341000
82988,1579000,-4336000
82989,1579000,-4331000
82990,1579000,-4326000
82991,1579000,-4321000
82992,1579000,-4316000
82993,1579000,-4311000
82994,1579000,-4306000
82995,1579000,-4301000
82996,1579000,-4296000
82997,1579000,-4291000
82998,1579000,-4286000
82999,1579000,-4281000
83000,1579000,-4276000
83001,1579000,-4271000
83002,1579000,-4266000
83003,1579000,-4261000
83004,1579000,-4256000
83005,1579000,-4251000
83006,1579000,-4246000
83007,1579000,-4241000
83008,1579000,-4236000
83009,1579000,-4231000
83010,1579000,-4226000
83011,1579000,-4221000
83012,1579000,-4216000
83013,1579000,-4211000
83014,1579000,-4206000
83015,1579000,-4201000
83016,1579000,-4196000
83017,1579000,-4191000
83018,1579000,-4186000
83019,1579000,-4181000
83020,1579000,-4176000
83192,1584000,-4496000
83193,1584000,-4491000
83194,1584000,-4486000
83195,1584000,-4481000
83196,1584000,-4476000
83197,1584000,-4471000
83198,1584000,-4466000
83199,1584000,-4461000
83200,1584000,-4456000
83201,1584000,-4451000
83202,1584000,-4446000
83203,1584000,-4441000
83204,1584000,-4436000
83205,1584000,-4431000
83206,1584000,-4426000
83207,1584000,-4421000
83208,1584000,-4416000
83209,1584000,-4411000
83210,1584000,-4406000
83211,1584000,-4401000
83212,1584000,-4396000
83213,1584000,-4391000
83214,1584000,-4386000
83215,1584000,-4381000
83216,1584000,-4376000
83217,1584000,-4371000
83218,1584000,-4366000
83219,1584000,-4361000
83220,1584000,-4356000
83221,1584000,-4351000
83222,1584000,-4346000
83223,1584000,-4341000
83224,1584000,-4336000
83225,1584000,-4331000
83226,1584000,-4326000
83227,1584000,-4321000
83228,1584000,-4316000
83229,1584000,-4311000
83230,1584000,-4306000
83231,1584000,-4301000
83232,1584000,-4296000
83233,1584000,-4291000
83234,1584000,-4286000
83235,1584000,-4281000
83236,1584000,-4276000
83237,1584000,-4271000
83238,1584000,-4266000
83239,1584000,-4261000
83240,1584000,-4256000
83241,1584000,-4251000
83242,1584000,-4246000
83243,1584000,-4241000
83244,1584000,-4236000
83245,1584000,-4231000
83246,1584000,-4226000
83247,1584000,-4221000
83248,1584000,-4216000
83249,1584000,-4211000
83250,1584000,-4206000
83251,1584000,-4201000
83252,1584000,-4196000
83253,1584000,-4191000
83254,1584000,-4186000
83255,1584000,-4181000
83256,1584000,-4176000
83257,1584000,-4171000
83428,1589000,-4496000
83429,1589000,-4491000
83430,1589000,-4486000
83431,1589000,-4481000
83432,1589000,-4476000
83433,1589000,-4471000
83434,1589000,-4466000
83435,1589000,-4461000
83436,1589000,-4456000
83437,1589000,-4451000
83438,1589000,-4446000
83439,1589000,-4441000
83440,1589000,-4436000
83441,1589000,-4431000
83442,1589000,-4426000
83443,1589000,-4421000
83444,1589000,-4416000
83445,1589000,-4411000
83446,1589000,-4406000
83447,1589000,-4401000
83448,1589000,-4396000
83449,1589000,-4391000
83450,1589000,-4386000
83451,1589000,-4381000
83452,1589000,-4376000
83453,1589000,-4371000
83454,1589000,-4366000
83455,1589000,-4361000
83456,1589000,-4356000
83457,1589000,-4351000
83458,1589000,-4346000
83459,1589000,-4341000
83460,1589000,-4336000
83461,1589000,-4331000
83462,1589000,-4326000
83463,1589000,-4321000
83464,1589000,-4316000
83465,1589000,-4311000
83466,1589000,-4306000
83467,1589000,-4301000
83468,1589000,-4296000
83469,1589000,-4291000
83470,1589000,-4286000
83471,1589000,-4281000
83472,1589000,-4276000
83473,1589000,-4271000
83474,1589000,-4266000
83475,1589000,-4261000
83476,1589000,-4256000
83477,1589000,-4251000
83478,1589000,-4246000
83479,1589000,-4241000
83480,1589000,-4236000
83481,1589000,-4231000
83482,1589000,-4226000
83483,1589000,-4221000
83484,1589000,-4216000
83485,1589000,-4211000
83486,1589000,-4206000
83487,1589000,-4201000
83488,1589000,-4196000
83489,1589000,-4191000
83490,1589000,-4186000
83491,1589000,-4181000
83492,1589000,-4176000
83493,1589000,-4171000
83494,1589000,-4166000
83665,1594000,-4491000
83666,1594000,-4486000
83667,1594000,-4481000
83668,1594000,-4476000
83669,1594000,-4471000
83670,1594000,-4466000
83671,1594000,-4461000
83672,1594000,-4456000
83673,1594000,-4451000
83674,1594000,-4446000
83675,1594000,-4441000
83676,1594000,-4436000
83677,1594000,-4431000
83678,1594000,-4426000
83679,1594000,-4421000
83680,1594000,-4416000
83681,1594000,-4411000
83682,1594000,-4406000
83683,1594000,-4401000
83684,1594000,-4396000
83685,1594000,-4391000
83686,1594000,-4386000
83687,1594000,-4381000
83688,1594000,-4376000
83689,1594000,-4371000
83690,1594000,-4366000
83691,1594000,-4361000
83692,1594000,-4356000
83693,1594000,-4351000
83694,1594000,-4346000
83695,1594000,-4341000
83696,1594000,-4336000
83697,1594000,-4331000
83698,1594000,-4326000
83699,1594000,-4321000
83700,1594000,-4316000
83701,1594000,-4311000
83702,1594000,-4306000
83703,1594000,-4301000
83704,1594000,-4296000
83705,1594000,-4291000
83706,1594000,-4286000
83707,1594000,-4281000
83708,1594000,-4276000
83709,1594000,-4271000
83710,1594000,-4266000
83711,1594000,-4261000
83712,1594000,-4256000
83713,1594000,-4251000
83714,1594000,-4246000
83715,1594000,-4241000
83716,1594000,-4236000
83717,1594000,-4231000
83718,1594000,-4226000
83719,1594000,-4221000
83720,1594000,-4216000
83721,1594000,-4211000
83722,1594000,-4206000
83723,1594000,-4201000
83724,1594000,-4196000
83725,1594000,-4191000
83726,1594000,-4186000
83727,1594000,-4181000
83728,1594000,-4176000
83729,1594000,-4171000
83730,1594000,-4166000
83901,1599000,-4491000
83902,1599000,-4486000
83903,1599000,-4481000
83904,1599000,-4476000
83905,1599000,-4471000
83906,1599000,-4466000
83907,1599000,-4461000
83908,1599000,-4456000
83909,1599000,-4451000
83910,1599000,-4446000
83911,1599000,-4441000
83912,1599000,-4436000
83913,1599000,-4431000
83914,1599000,-4426000
83915,1599000,-4421000
83916,1599000,-4416000
83917,1599000,-4411000
83918,1599000,-4406000
83919,1599000,-4401000
83920,1599000,-4396000
83921,1599000,-4391000
83922,1599000,-4386000
83923,1599000,-4381000
83924,1599000,-4376000
83925,1599000,-4371000
83926,1599000,-4366000
83927,1599000,-4361000
83928,1599000,-4356000
83929,1599000,-4351000
83930,1599000,-4346000
83931,1599000,-4341000
83932,1599000,-4336000
83933,1599000,-4331000
83934,1599000,-4326000
83935,1599000,-4321000
83936,1599000,-4316000
83937,1599000,-4311000
83938,1599000,-4306000
83939,1599000,-4301000
83940,1599000,-4296000
83941,1599000,-4291000
83942,1599000,-4286000
83943,1599000,-4281000
83944,1599000,-4276000
83945,1599000,-4271000
83946,1599000,-4266000
83947,1599000,-4261000
83948,1599000,-4256000
83949,1599000,-4251000
83950,1599000,-4246000
83951,1599000,-4241000
83952,1599000,-4236000
83953,1599000,-4231000
83954,1599000,-4226000
83955,1599000,-4221000
83956,1599000,-4216000
83957,1599000,-4211000
83958,1599000,-4206000
83959,1599000,-4201000
83960,1599000,-4196000
83961,1599000,-4191000
83962,1599000,-4186000
83963,1599000,-4181000
83964,1599000,-4176000
83965,1599000,-4171000
83966,1599000,-4166000
83967,1599000,-4161000
83968,1599000,-4156000
84137,1604000,-4491000
84138,1604000,-4486000
84139,1604000,-4481000
84140,1604000,-4476000
84141,1604000,-4471000
84142,1604000,-4466000
84143,1604000,-4461000
84144,1604000,-4456000
84145,1604000,-4451000
84146,1604000,-4446000
84147,1604000,-4441000
84148,1604000,-4436000
84149,1604000,-4431000
84150,1604000,-4426000
84151,1604000,-4421000
84152,1604000,-4416000
84153,1604000,-4411000
84154,1604000,-4406000
84155,1604000,-4401000
84156,1604000,-4396000
84157,1604000,-4391000
84158,1604000,-4386000
84159,1604000,-4381000
84160,1604000,-4376000
84161,1604000,-4371000
84162,1604000,-4366000
84163,1604000,-4361000
84164,1604000,-4356000
84165,1604000,-4351000
84166,1604000,-4346000
84167,1604000,-4341000
84168,1604000,-4336000
84169,1604000,-4331000
84170,1604000,-4326000
84171,1604000,-4321000
84172,1604000,-4316000
84173,1604000,-4311000
84174,1604000,-4306000
84175,1604000,-4301000
84176,1604000,-4296000
84177,1604000,-4291000
84178,1604000,-4286000
84179,1604000,-4281000
84180,1604000,-4276000
84181,1604000,-4271000
84182,1604000,-4266000
84183,1604000,-4261000
84184,1604000,-4256000
84185,1604000,-4251000
84186,1604000,-4246000
84187,1604000,-4241000
84188,1604000,-4236000
84189,1604000,-4231000
84190,1604000,-4226000
84191,1604000,-4221000
84192,1604000,-4216000
84193,1604000,-4211000
84194,1604000,-4206000
84195,1604000,-4201000
84196,1604000,-4196000
84197,1604000,-4191000
84198,1604000,-4186000
84199,1604000,-4181000
84200,1604000,-4176000
84201,1604000,-4171000
84202,1604000,-4166000
84203,1604000,-4161000
84204,1604000,-4156000
84205,1604000,-4151000
84206,1604000,-4146000
84374,1609000,-4486000
84375,1609000,-4481000
84376,1609000,-4476000
84377,1609000,-4471000
84378,1609000,-4466000
84379,1609000,-4461000
84380,1609000,-4456000
84381,1609000,-4451000
84382,1609000,-4446000
84383,1609000,-4441000
84384,1609000,-4436000
84385,1609000,-4431000
84386,1609000,-4426000
84387,1609000,-4421000
84388,1609000,-4416000
84389,1609000,-4411000
84390,1609000,-4406000
84391,1609000,-4401000
84392,1609000,-4396000
84393,1609000,-4391000
84394,1609000,-4386000
84395,1609000,-4381000
84396,1609000,-4376000
84397,1609000,-4371000
84398,1609000,-4366000
84399,1609000,-4361000
84400,1609000,-4356000
84401,1609000,-4351000
84402,1609000,-4346000
84403,1609000,-4341000
84404,1609000,-4336000
84405,1609000,-4331000
84406,1609000,-4326000
84407,1609000,-4321000
84408,1609000,-4316000
84409,1609000,-4311000
84410,1609000,-4306000
84411,1609000,-4301000
84412,1609000,-4296000
84413,1609000,-4291000
84414,1609000,-4286000
84415,1609000,-4281000
84416,1609000,-4276000
84417,1609000,-4271000
84418,1609000,-4266000
84419,1609000,-4261000
84420,1609000,-4256000
84421,1609000,-4251000
84422,1609000,-4246000
84423,1609000,-4241000
84424,1609000,-4236000
84425,1609000,-4231000
84426,1609000,-4226000
84427,1609000,-4221000
84428,1609000,-4216000
84429,1609000,-4211000
84430,1609000,-4206000
84431,1609000,-4201000
84432,1609000,-4196000
84433,1609000,-4191000
84434,1609000,-4186000
84435,1609000,-4181000
84436,1609000,-4176000
84437,1609000,-4171000
84438,1609000,-4166000
84439,1609000,-4161000
84440,1609000,-4156000
84441,1609000,-4151000
84442,1609000,-4146000
84611,1614000,-4481000
84612,1614000,-4476000
84613,1614000,-4471000
84614,1614000,-4466000
84615,1614000,-4461000
84616,1614000,-4456000
84617,1614000,-4451000
84618,1614000,-4446000
84619,1614000,-4441000
84620,1614000,-4436000
84621,1614000,-4431000
84622,1614000,-4426000
84623,1614000,-4421000
84624,1614000,-4416000
84625,1614000,-4411000
84626,1614000,-4406000
84627,1614000,-4401000
84628,1614000,-4396000
84629,1614000,-4391000
84630,1614000,-4386000
84631,1614000,-4381000
84632,1614000,-4376000
84633,1614000,-4371000
84634,1614000,-4366000
84635,1614000,-4361000
84636,1614000,-4356000
84637,1614000,-4351000
84638,1614000,-4346000
84639,1614000,-4341000
84640,1614000,-4336000
84641,1614000,-4331000
84642,1614000,-4326000
84643,1614000,-4321000
84644,1614000,-4316000
84645,1614000,-4311000
84646,1614000,-4306000
84647,1614000,-4301000
84648,1614000,-4296000
84649,1614000,-4291000
84650,1614000,-4286000
84651,1614000,-4281000
84652,1614000,-4276000
84653,1614000,-4271000
84654,1614000,-4266000
84655,1614000,-4261000
84656,1614000,-4256000
84657,1614000,-4251000
84658,1614000,-4246000
84659,1614000,-4241000
84660,1614000,-4236000
84661,1614000,-4231000
84662,1614000,-4226000
84663,1614000,-4221000
84664,1614000,-4216000
84665,1614000,-4211000
84666,1614000,-4206000
84667,1614000,-4201000
84668,1614000,-4196000
84669,1614000,-4191000
84670,1614000,-4186000
84671,1614000,-4181000
84672,1614000,-4176000
84673,1614000,-4171000
84674,1614000,-4166000
84675,1614000,-4161000
84676,1614000,-4156000
84677,1614000,-4151000
84678,1614000,-4146000
84679,1614000,-4141000
84849,1619000,-4471000
84850,1619000,-4466000
84851,1619000,-4461000
84852,1619000,-4456000
84853,1619000,-4451000
84856,1619000,-4436000
84857,1619000,-4431000
84858,1619000,-4426000
84859,1619000,-4421000
84860,1619000,-4416000
84861,1619000,-4411000
84862,1619000,-4406000
84863,1619000,-4401000
84864,1619000,-4396000
84865,1619000,-4391000
84866,1619000,-4386000
84867,1619000,-4381000
84868,1619000,-4376000
84869,1619000,-4371000
84870,1619000,-4366000
84871,1619000,-4361000
84872,1619000,-4356000
84873,1619000,-4351000
84874,1619000,-4346000
84875,1619000,-4341000
84876,1619000,-4336000
84877,1619000,-4331000
84878,1619000,-4326000
84879,1619000,-4321000
84880,1619000,-4316000
84881,1619000,-4311000
84882,1619000,-4306000
84883,1619000,-4301000
84884,1619000,-4296000
84885,1619000,-4291000
84886,1619000,-4286000
84887,1619000,-4281000
84888,1619000,-4276000
84889,1619000,-4271000
84890,1619000,-4266000
84891,1619000,-4261000
84892,1619000,-4256000
84893,1619000,-4251000
84894,1619000,-4246000
84895,1619000,-4241000
84896,1619000,-4236000
84897,1619000,-4231000
84898,1619000,-4226000
84899,1619000,-4221000
84900,1619000,-4216000
84901,1619000,-4211000
84902,1619000,-4206000
84903,1619000,-4201000
84904,1619000,-4196000
84905,1619000,-4191000
84906,1619000,-4186000
84907,1619000,-4181000
84908,1619000,-4176000
84909,1619000,-4171000
84910,1619000,-4166000
84911,1619000,-4161000
84912,1619000,-4156000
84913,1619000,-4151000
84914,1619000,-4146000
84915,1619000,-4141000
84916,1619000,-4136000
84917,1619000,-4131000
85093,1624000,-4431000
85094,1624000,-4426000
85095,1624000,-4421000
85096,1624000,-4416000
85097,1624000,-4411000
85098,1624000,-4406000
85099,1624000,-4401000
85100,1624000,-4396000
85101,1624000,-4391000
85102,1624000,-4386000
85103,1624000,-4381000
85104,1624000,-4376000
85105,1624000,-4371000
85106,1624000,-4366000
85107,1624000,-4361000
85108,1624000,-4356000
85109,1624000,-4351000
85110,1624000,-4346000
85111,1624000,-4341000
85112,1624000,-4336000
85113,1624000,-4331000
85114,1624000,-4326000
85115,1624000,-4321000
85116,1624000,-4316000
85117,1624000,-4311000
85118,1624000,-4306000
85119,1624000,-4301000
85120,1624000,-4296000
85121,1624000,-4291000
85122,1624000,-4286000
85123,1624000,-4281000
85124,1624000,-4276000
85125,1624000,-4271000
85126,1624000,-4266000
85127,1624000,-4261000
85128,1624000,-4256000
85129,1624000,-4251000
85130,1624000,-4246000
85131,1624000,-4241000
85132,1624000,-4236000
85133,1624000,-4231000
85134,1624000,-4226000
85135,1624000,-4221000
85136,1624000,-4216000
85137,1624000,-4211000
85138,1624000,-4206000
85139,1624000,-4201000
85140,1624000,-4196000
85141,1624000,-4191000
85142,1624000,-4186000
85143,1624000,-4181000
85144,1624000,-4176000
85145,1624000,-4171000
85146,1624000,-4166000
85147,1624000,-4161000
85148,1624000,-4156000
85149,1624000,-4151000
85150,1624000,-4146000
85151,1624000,-4141000
85152,1624000,-4136000
85153,1624000,-4131000
85328,1629000,-4436000
85329,1629000,-4431000
85330,1629000,-4426000
85331,1629000,-4421000
85332,1629000,-4416000
85333,1629000,-4411000
85334,1629000,-4406000
85335,1629000,-4401000
85336,1629000,-4396000
85337,1629000,-4391000
85338,1629000,-4386000
85339,1629000,-4381000
85340,1629000,-4376000
85341,1629000,-4371000
85342,1629000,-4366000
85343,1629000,-4361000
85344,1629000,-4356000
85345,1629000,-4351000
85346,1629000,-4346000
85347,1629000,-4341000
85348,1629000,-4336000
85349,1629000,-4331000
85350,1629000,-4326000
85351,1629000,-4321000
85352,1629000,-4316000
85353,1629000,-4311000
85354,1629000,-4306000
85355,1629000,-4301000
85356,1629000,-4296000
85357,1629000,-4291000
85358,1629000,-4286000
85359,1629000,-4281000
85360,1629000,-4276000
85361,1629000,-4271000
85362,1629000,-4266000
85363,1629000,-4261000
85364,1629000,-4256000
85365,1629000,-4251000
85366,1629000,-4246000
85367,1629000,-4241000
85368,1629000,-4236000
85369,1629000,-4231000
85370,1629000,-4226000
85371,1629000,-4221000
85372,1629000,-4216000
85373,1629000,-4211000
85374,1629000,-4206000
85375,1629000,-4201000
85376,1629000,-4196000
85377,1629000,-4191000
85378,1629000,-4186000
85379,1629000,-4181000
85380,1629000,-4176000
85381,1629000,-4171000
85382,1629000,-4166000
85383,1629000,-4161000
85384,1629000,-4156000
85385,1629000,-4151000
85386,1629000,-4146000
85387,1629000,-4141000
85388,1629000,-4136000
85389,1629000,-4131000
85564,1634000,-4436000
85565,1634000,-4431000
85566,1634000,-4426000
85567,1634000,-4421000
85568,1634000,-4416000
85569,1634000,-4411000
85570,1634000,-4406000
85571,1634000,-4401000
85572,1634000,-4396000
85573,1634000,-4391000
85574,1634000,-4386000
85575,1634000,-4381000
85576,1634000,-4376000
85577,1634000,-4371000
85578,1634000,-4366000
85579,1634000,-4361000
85580,1634000,-4356000
85581,1634000,-4351000
85582,1634000,-4346000
85583,1634000,-4341000
85584,1634000,-4336000
85585,1634000,-4331000
85586,1634000,-4326000
85587,1634000,-4321000
85588,1634000,-4316000
85589,1634000,-4311000
85590,1634000,-4306000
85591,1634000,-4301000
85592,1634000,-4296000
85593,1634000,-4291000
85594,1634000,-4286000
85595,1634000,-4281000
85596,1634000,-4276000
85597,1634000,-4271000
85598,1634000,-4266000
85599,1634000,-4261000
85600,1634000,-4256000
85601,1634000,-4251000
85602,1634000,-4246000
85603,1634000,-4241000
85604,1634000,-4236000
85605,1634000,-4231000
85606,1634000,-4226000
85607,1634000,-4221000
85608,1634000,-4216000
85609,1634000,-4211000
85610,1634000,-4206000
85611,1634000,-4201000
85612,1634000,-4196000
85613,1634000,-4191000
85614,1634000,-4186000
85615,1634000,-4181000
85616,1634000,-4176000
85617,1634000,-4171000
85618,1634000,-4166000
85619,1634000,-4161000
85620,1634000,-4156000
85621,1634000,-4151000
85622,1634000,-4146000
85623,1634000,-4141000
85624,1634000,-4136000
85625,1634000,-4131000
85626,1634000,-4126000
85799,1639000,-4441000
85800,1639000,-4436000
85801,1639000,-4431000
85802,1639000,-4426000
85803,1639000,-4421000
85804,1639000,-4416000
85805,1639000,-4411000
85806,1639000,-4406000
85807,1639000,-4401000
85808,1639000,-4396000
85809,1639000,-4391000
85810,1639000,-4386000
85811,1639000,-4381000
85812,1639000,-4376000
85813,1639000,-4371000
85814,1639000,-4366000
85815,1639000,-4361000
85816,1639000,-4356000
85817,1639000,-4351000
85818,1639000,-4346000
85819,1639000,-4341000
85820,1639000,-4336000
85821,1639000,-4331000
85822,1639000,-4326000
85823,1639000,-4321000
85824,1639000,-4316000
85825,1639000,-4311000
85826,1639000,-4306000
85827,1639000,-4301000
85828,1639000,-4296000
85829,1639000,-4291000
85830,1639000,-4286000
85831,1639000,-4281000
85832,1639000,-4276000
85833,1639000,-4271000
85834,1639000,-4266000
85835,1639000,-4261000
85836,1639000,-4256000
85837,1639000,-4251000
85838,1639000,-4246000
85839,1639000,-4241000
85840,1639000,-4236000
85841,1639000,-4231000
85842,1639000,-4226000
85843,1639000,-4221000
85844,1639000,-4216000
85845,1639000,-4211000
85846,1639000,-4206000
85847,1639000,-4201000
85848,1639000,-4196000
85849,1639000,-4191000
85850,1639000,-4186000
85851,1639000,-4181000
85852,1639000,-4176000
85853,1639000,-4171000
85854,1639000,-4166000
85855,1639000,-4161000
85856,1639000,-4156000
85857,1639000,-4151000
85858,1639000,-4146000
85859,1639000,-4141000
85860,1639000,-4136000
85861,1639000,-4131000
85862,1639000,-4126000
85863,1639000,-4121000
86034,1644000,-4446000
86035,1644000,-4441000
86036,1644000,-4436000
86037,1644000,-4431000
86038,1644000,-4426000
86039,1644000,-4421000
86040,1644000,-4416000
86041,1644000,-4411000
86042,1644000,-4406000
86043,1644000,-4401000
86044,1644000,-4396000
86045,1644000,-4391000
86046,1644000,-4386000
86047,1644000,-4381000
86048,1644000,-4376000
86049,1644000,-4371000
86050,1644000,-4366000
86051,1644000,-4361000
86052,1644000,-4356000
86053,1644000,-4351000
86054,1644000,-4346000
86055,1644000,-4341000
86056,1644000,-4336000
86057,1644000,-4331000
86058,1644000,-4326000
86059,1644000,-4321000
86060,1644000,-4316000
86061,1644000,-4311000
86062,1644000,-4306000
86063,1644000,-4301000
86064,1644000,-4296000
86065,1644000,-4291000
86066,1644000,-4286000
86067,1644000,-4281000
86068,1644000,-4276000
86069,1644000,-4271000
86070,1644000,-4266000
86071,1644000,-4261000
86072,1644000,-4256000
86073,1644000,-4251000
86074,1644000,-4246000
86075,1644000,-4241000
86076,1644000,-4236000
86077,1644000,-4231000
86078,1644000,-4226000
86079,1644000,-4221000
86080,1644000,-4216000
86081,1644000,-4211000
86082,1644000,-4206000
86083,1644000,-4201000
86084,1644000,-4196000
86085,1644000,-4191000
86086,1644000,-4186000
86087,1644000,-4181000
86088,1644000,-4176000
86089,1644000,-4171000
86090,1644000,-4166000
86091,1644000,-4161000
86092,1644000,-4156000
86093,1644000,-4151000
86094,1644000,-4146000
86095,1644000,-4141000
86096,1644000,-4136000
86097,1644000,-4131000
86098,1644000,-4126000
86099,1644000,-4121000
86270,1649000,-4446000
86271,1649000,-4441000
86272,1649000,-4436000
86273,1649000,-4431000
86274,1649000,-4426000
86275,1649000,-4421000
86276,1649000,-4416000
86277,1649000,-4411000
86278,1649000,-4406000
86279,1649000,-4401000
86280,1649000,-4396000
86281,1649000,-4391000
86282,1649000,-4386000
86283,1649000,-4381000
86284,1649000,-4376000
86285,1649000,-4371000
86286,1649000,-4366000
86287,1649000,-4361000
86288,1649000,-4356000
86289,1649000,-4351000
86290,1649000,-4346000
86291,1649000,-4341000
86292,1649000,-4336000
86293,1649000,-4331000
86294,1649000,-4326000
86295,1649000,-4321000
86296,1649000,-4316000
86297,1649000,-4311000
86298,1649000,-4306000
86299,1649000,-4301000
86300,1649000,-4296000
86301,1649000,-4291000
86302,1649000,-4286000
86303,1649000,-4281000
86304,1649000,-4276000
86305,1649000,-4271000
86306,1649000,-4266000
86307,1649000,-4261000
86308,1649000,-4256000
86309,1649000,-4251000
86310,1649000,-4246000
86311,1649000,-4241000
86312,1649000,-4236000
86313,1649000,-4231000
86314,1649000,-4226000
86315,1649000,-4221000
86316,1649000,-4216000
86317,1649000,-4211000
86318,1649000,-4206000
86319,1649000,-4201000
86320,1649000,-4196000
86321,1649000,-4191000
86322,1649000,-4186000
86323,1649000,-4181000
86324,1649000,-4176000
86325,1649000,-4171000
86326,1649000,-4166000
86327,1649000,-4161000
86328,1649000,-4156000
86329,1649000,-4151000
86330,1649000,-4146000
86331,1649000,-4141000
86332,1649000,-4136000
86333,1649000,-4131000
86334,1649000,-4126000
86335,1649000,-4121000
86506,1654000,-4446000
86507,1654000,-4441000
86508,1654000,-4436000
86509,1654000,-4431000
86510,1654000,-4426000
86511,1654000,-4421000
86512,1654000,-4416000
86513,1654000,-4411000
86514,1654000,-4406000
86515,1654000,-4401000
86516,1654000,-4396000
86517,1654000,-4391000
86518,1654000,-4386000
86519,1654000,-4381000
86520,1654000,-4376000
86521,1654000,-4371000
86522,1654000,-4366000
86523,1654000,-4361000
86524,1654000,-4356000
86525,1654000,-4351000
86526,1654000,-4346000
86527,1654000,-4341000
86528,1654000,-4336000
86529,1654000,-4331000
86530,1654000,-4326000
86531,1654000,-4321000
86532,1654000,-4316000
86533,1654000,-4311000
86534,1654000,-4306000
86535,1654000,-4301000
86536,1654000,-4296000
86537,1654000,-4291000
86538,1654000,-4286000
86539,1654000,-4281000
86540,1654000,-4276000
86541,1654000,-4271000
86542,1654000,-4266000
86543,1654000,-4261000
86544,1654000,-4256000
86545,1654000,-4251000
86546,1654000,-4246000
86547,1654000,-4241000
86548,1654000,-4236000
86549,1654000,-4231000
86550,1654000,-4226000
86551,1654000,-4221000
86552,1654000,-4216000
86553,1654000,-4211000
86554,1654000,-4206000
86555,1654000,-4201000
86556,1654000,-4196000
86557,1654000,-4191000
86558,1654000,-4186000
86559,1654000,-4181000
86560,1654000,-4176000
86561,1654000,-4171000
86562,1654000,-4166000
86563,1654000,-4161000
86564,1654000,-4156000
86565,1654000,-4151000
86566,1654000,-4146000
86567,1654000,-4141000
86568,1654000,-4136000
86569,1654000,-4131000
86570,1654000,-4126000
86571,1654000,-4121000
86572,1654000,-4116000
86741,1659000,-4451000
86742,1659000,-4446000
86743,1659000,-4441000
86744,1659000,-4436000
86745,1659000,-4431000
86746,1659000,-4426000
86747,1659000,-4421000
86748,1659000,-4416000
86749,1659000,-4411000
86750,1659000,-4406000
86751,1659000,-4401000
86752,1659000,-4396000
86753,1659000,-4391000
86754,1659000,-4386000
86755,1659000,-4381000
86756,1659000,-4376000
86757,1659000,-4371000
86758,1659000,-4366000
86759,1659000,-4361000
86760,1659000,-4356000
86761,1659000,-4351000
86762,1659000,-4346000
86763,1659000,-4341000
86764,1659000,-4336000
86765,1659000,-4331000
86766,1659000,-4326000
86767,1659000,-4321000
86768,1659000,-4316000
86769,1659000,-4311000
86770,1659000,-4306000
86771,1659000,-4301000
86772,1659000,-4296000
86773,1659000,-4291000
86774,1659000,-4286000
86775,1659000,-4281000
86776,1659000,-4276000
86777,1659000,-4271000
86778,1659000,-4266000
86779,1659000,-4261000
86780,1659000,-4256000
86781,1659000,-4251000
86782,1659000,-4246000
86783,1659000,-4241000
86784,1659000,-4236000
86785,1659000,-4231000
86786,1659000,-4226000
86787,1659000,-4221000
86788,1659000,-4216000
86789,1659000,-4211000
86790,1659000,-4206000
86791,1659000,-4201000
86792,1659000,-4196000
86793,1659000,-4191000
86794,1659000,-4186000
86795,1659000,-4181000
86796,1659000,-4176000
86797,1659000,-4171000
86798,1659000,-4166000
86799,1659000,-4161000
86800,1659000,-4156000
86801,1659000,-4151000
86802,1659000,-4146000
86803,1659000,-4141000
86804,1659000,-4136000
86805,1659000,-4131000
86806,1659000,-4126000
86807,1659000,-4121000
86808,1659000,-4116000
86976,1664000,-4456000
86977,1664000,-4451000
86978,1664000,-4446000
86979,1664000,-4441000
86980,1664000,-4436000
86981,1664000,-4431000
86982,1664000,-4426000
86983,1664000,-4421000
86984,1664000,-4416000
86985,1664000,-4411000
86986,1664000,-4406000
86987,1664000,-4401000
86988,1664000,-4396000
86989,1664000,-4391000
86990,1664000,-4386000
86991,1664000,-4381000
86992,1664000,-4376000
86993,1664000,-4371000
86994,1664000,-4366000
86995,1664000,-4361000
86996,1664000,-4356000
86997,1664000,-4351000
86998,1664000,-4346000
86999,1664000,-4341000
87000,1664000,-4336000
87001,1664000,-4331000
87002,1664000,-4326000
87003,1664000,-4321000
87004,1664000,-4316000
87005,1664000,-4311000
87006,1664000,-4306000
87007,1664000,-4301000
87008,1664000,-4296000
87009,1664000,-4291000
87010,1664000,-4286000
87011,1664000,-4281000
87012,1664000,-4276000
87013,1664000,-4271000
87014,1664000,-4266000
87015,1664000,-4261000
87016,1664000,-4256000
87017,1664000,-4251000
87018,1664000,-4246000
87019,1664000,-4241000
87020,1664000,-4236000
87021,1664000,-4231000
87022,1664000,-4226000
87023,1664000,-4221000
87024,1664000,-4216000
87025,1664000,-4211000
87026,1664000,-4206000
87027,1664000,-4201000
87028,1664000,-4196000
87029,1664000,-4191000
87030,1664000,-4186000
87031,1664000,-4181000
87032,1664000,-4176000
87033,1664000,-4171000
87034,1664000,-4166000
87035,1664000,-4161000
87036,1664000,-4156000
87037,1664000,-4151000
87038,1664000,-4146000
87039,1664000,-4141000
87040,1664000,-4136000
87041,1664000,-4131000
87042,1664000,-4126000
87043,1664000,-4121000
87044,1664000,-4116000
87211,1669000,-4461000
87212,1669000,-4456000
87213,1669000,-4451000
87214,1669000,-4446000
87215,1669000,-4441000
87216,1669000,-4436000
87217,1669000,-4431000
87218,1669000,-4426000
87219,1669000,-4421000
87220,1669000,-4416000
87221,1669000,-4411000
87222,1669000,-4406000
87223,1669000,-4401000
87224,1669000,-4396000
87225,1669000,-4391000
87226,1669000,-4386000
87227,1669000,-4381000
87228,1669000,-4376000
87229,1669000,-4371000
87230,1669000,-4366000
87231,1669000,-4361000
87232,1669000,-4356000
87233,1669000,-4351000
87234,1669000,-4346000
87235,1669000,-4341000
87236,1669000,-4336000
87237,1669000,-4331000
87238,1669000,-4326000
87239,1669000,-4321000
87240,1669000,-4316000
87241,1669000,-4311000
87242,1669000,-4306000
87243,1669000,-4301000
87244,1669000,-4296000
87245,1669000,-4291000
87246,1669000,-4286000
87247,1669000,-4281000
87248,1669000,-4276000
87249,1669000,-4271000
87250,1669000,-4266000
87251,1669000,-4261000
87252,1669000,-4256000
87253,1669000,-4251000
87254,1669000,-4246000
87255,1669000,-4241000
87256,1669000,-4236000
87257,1669000,-4231000
87258,1669000,-4226000
87259,1669000,-4221000
87260,1669000,-4216000
87261,1669000,-4211000
87262,1669000,-4206000
87263,1669000,-4201000
87264,1669000,-4196000
87265,1669000,-4191000
87266,1669000,-4186000
87267,1669000,-4181000
87268,1669000,-4176000
87269,1669000,-4171000
87270,1669000,-4166000
87271,1669000,-4161000
87272,1669000,-4156000
87273,1669000,-4151000
87274,1669000,-4146000
87275,1669000,-4141000
87276,1669000,-4136000
87277,1669000,-4131000
87278,1669000,-4126000
87279,1669000,-4121000
87280,1669000,-4116000
87446,1674000,-4466000
87447,1674000,-4461000
87448,1674000,-4456000
87449,1674000,-4451000
87450,1674000,-4446000
87451,1674000,-4441000
87452,1674000,-4436000
87453,1674000,-4431000
87454,1674000,-4426000
87455,1674000,-4421000
87456,1674000,-4416000
87457,1674000,-4411000
87458,1674000,-4406000
87459,1674000,-4401000
87460,1674000,-4396000
87461,1674000,-4391000
87462,1674000,-4386000
87463,1674000,-4381000
87464,1674000,-4376000
87465,1674000,-4371000
87466,1674000,-4366000
87467,1674000,-4361000
87468,1674000,-4356000
87469,1674000,-4351000
87470,1674000,-4346000
87471,1674000,-4341000
87472,1674000,-4336000
87473,1674000,-4331000
87474,1674000,-4326000
87475,1674000,-4321000
87476,1674000,-4316000
87477,1674000,-4311000
87478,1674000,-4306000
87479,1674000,-4301000
87480,1674000,-4296000
87481,1674000,-4291000
87482,1674000,-4286000
87483,1674000,-4281000
87484,1674000,-4276000
87485,1674000,-4271000
87486,1674000,-4266000
87487,1674000,-4261000
87488,1674000,-4256000
87489,1674000,-4251000
87490,1674000,-4246000
87491,1674000,-4241000
87492,1674000,-4236000
87493,1674000,-4231000
87494,1674000,-4226000
87495,1674000,-4221000
87496,1674000,-4216000
87497,1674000,-4211000
87498,1674000,-4206000
87499,1674000,-4201000
87500,1674000,-4196000
87501,1674000,-4191000
87502,1674000,-4186000
87503,1674000,-4181000
87504,1674000,-4176000
87505,1674000,-4171000
87506,1674000,-4166000
87507,1674000,-4161000
87508,1674000,-4156000
87509,1674000,-4151000
87510,1674000,-4146000
87511,1674000,-4141000
87512,1674000,-4136000
87513,1674000,-4131000
87514,1674000,-4126000
87515,1674000,-4121000
87516,1674000,-4116000
87681,1679000,-4471000
87682,1679000,-4466000
87683,1679000,-4461000
87684,1679000,-4456000
87685,1679000,-4451000
87686,1679000,-4446000
87687,1679000,-4441000
87688,1679000,-4436000
87689,1679000,-4431000
87690,1679000,-4426000
87691,1679000,-4421000
87692,1679000,-4416000
87693,1679000,-4411000
87694,1679000,-4406000
87695,1679000,-4401000
87696,1679000,-4396000
87697,1679000,-4391000
87698,1679000,-4386000
87699,1679000,-4381000
87700,1679000,-4376000
87701,1679000,-4371000
87702,1679000,-4366000
87703,1679000,-4361000
87704,1679000,-4356000
87705,1679000,-4351000
87706,1679000,-4346000
87707,1679000,-4341000
87708,1679000,-4336000
87709,1679000,-4331000
87710,1679000,-4326000
87711,1679000,-4321000
87712,1679000,-4316000
87713,1679000,-4311000
87714,1679000,-4306000
87715,1679000,-4301000
87716,1679000,-4296000
87717,1679000,-4291000
87718,1679000,-4286000
87719,1679000,-4281000
87720,1679000,-4276000
87721,1679000,-4271000
87722,1679000,-4266000
87723,1679000,-4261000
87724,1679000,-4256000
87725,1679000,-4251000
87726,1679000,-4246000
87727,1679000,-4241000
87728,1679000,-4236000
87729,1679000,-4231000
87730,1679000,-4226000
87731,1679000,-4221000
87732,1679000,-4216000
87733,1679000,-4211000
87734,1679000,-4206000
87735,1679000,-4201000
87736,1679000,-4196000
87737,1679000,-4191000
87738,1679000,-4186000
87739,1679000,-4181000
87740,1679000,-4176000
87741,1679000,-4171000
87742,1679000,-4166000
87743,1679000,-4161000
87744,1679000,-4156000
87745,1679000,-4151000
87746,1679000,-4146000
87747,1679000,-4141000
87748,1679000,-4136000
87749,1679000,-4131000
87750,1679000,-4126000
87751,1679000,-4121000
87918,1684000,-4466000
87919,1684000,-4461000
87920,1684000,-4456000
87921,1684000,-4451000
87922,1684000,-4446000
87923,1684000,-4441000
87924,1684000,-4436000
87925,1684000,-4431000
87926,1684000,-4426000
87927,1684000,-4421000
87928,1684000,-4416000
87929,1684000,-4411000
87930,1684000,-4406000
87931,1684000,-4401000
87932,1684000,-4396000
87933,1684000,-4391000
87934,1684000,-4386000
87935,1684000,-4381000
87936,1684000,-4376000
87937,1684000,-4371000
87938,1684000,-4366000
87939,1684000,-4361000
87940,1684000,-4356000
87941,1684000,-4351000
87942,1684000,-4346000
87943,1684000,-4341000
87944,1684000,-4336000
87945,1684000,-4331000
87946,1684000,-4326000
87947,1684000,-4321000
87948,1684000,-4316000
87949,1684000,-4311000
87950,1684000,-4306000
87951,1684000,-4301000
87952,1684000,-4296000
87953,1684000,-4291000
87954,1684000,-4286000
87955,1684000,-4281000
87956,1684000,-4276000
87957,1684000,-4271000
87958,1684000,-4266000
87959,1684000,-4261000
87960,1684000,-4256000
87961,1684000,-4251000
87962,1684000,-4246000
87963,1684000,-4241000
87964,1684000,-4236000
87965,1684000,-4231000
87966,1684000,-4226000
87967,1684000,-4221000
87968,1684000,-4216000
87969,1684000,-4211000
87970,1684000,-4206000
87971,1684000,-4201000
87972,1684000,-4196000
87973,1684000,-4191000
87974,1684000,-4186000
87975,1684000,-4181000
87976,1684000,-4176000
87977,1684000,-4171000
87978,1684000,-4166000
87979,1684000,-4161000
87980,1684000,-4156000
87981,1684000,-4151000
87982,1684000,-4146000
87983,1684000,-4141000
87984,1684000,-4136000
87985,1684000,-4131000
88154,1689000,-4466000
88155,1689000,-4461000
88156,1689000,-4456000
88157,1689000,-4451000
88158,1689000,-4446000
88159,1689000,-4441000
88160,1689000,-4436000
88161,1689000,-4431000
88162,1689000,-4426000
88163,1689000,-4421000
88164,1689000,-4416000
88165,1689000,-4411000
88166,1689000,-4406000
88167,1689000,-4401000
88168,1689000,-4396000
88169,1689000,-4391000
88170,1689000,-4386000
88171,1689000,-4381000
88172,1689000,-4376000
88173,1689000,-4371000
88174,1689000,-4366000
88175,1689000,-4361000
88176,1689000,-4356000
88177,1689000,-4351000
88178,1689000,-4346000
88179,1689000,-4341000
88180,1689000,-4336000
88181,1689000,-4331000
88182,1689000,-4326000
88183,1689000,-4321000
88184,1689000,-4316000
88185,1689000,-4311000
88186,1689000,-4306000
88187,1689000,-4301000
88188,1689000,-4296000
88189,1689000,-4291000
88190,1689000,-4286000
88191,1689000,-4281000
88192,1689000,-4276000
88193,1689000,-4271000
88194,1689000,-4266000
88195,1689000,-4261000
88196,1689000,-4256000
88197,1689000,-4251000
88198,1689000,-4246000
88199,1689000,-4241000
88200,1689000,-4236000
88201,1689000,-4231000
88202,1689000,-4226000
88203,1689000,-4221000
88204,1689000,-4216000
88205,1689000,-4211000
88206,1689000,-4206000
88207,1689000,-4201000
88208,1689000,-4196000
88209,1689000,-4191000
88210,1689000,-4186000
88211,1689000,-4181000
88212,1689000,-4176000
88213,1689000,-4171000
88214,1689000,-4166000
88215,1689000,-4161000
88216,1689000,-4156000
88217,1689000,-4151000
88218,1689000,-4146000
88219,1689000,-4141000
88220,1689000,-4136000
88390,1694000,-4466000
88391,1694000,-4461000
88392,1694000,-4456000
88393,1694000,-4451000
88394,1694000,-4446000
88395,1694000,-4441000
88396,1694000,-4436000
88397,1694000,-4431000
88398,1694000,-4426000
88399,1694000,-4421000
88400,1694000,-4416000
88401,1694000,-4411000
88402,1694000,-4406000
88403,1694000,-4401000
88404,1694000,-4396000
88405,1694000,-4391000
88406,1694000,-4386000
88407,1694000,-4381000
88408,1694000,-4376000
88409,1694000,-4371000
88410,1694000,-4366000
88411,1694000,-4361000
88412,1694000,-4356000
88413,1694000,-4351000
88414,1694000,-4346000
88415,1694000,-4341000
88416,1694000,-4336000
88417,1694000,-4331000
88418,1694000,-4326000
88419,1694000,-4321000
88420,1694000,-4316000
88421,1694000,-4311000
88422,1694000,-4306000
88423,1694000,-4301000
88424,1694000,-4296000
88425,1694000,-4291000
88426,1694000,-4286000
88427,1694000,-4281000
88428,1694000,-4276000
88429,1694000,-4271000
88430,1694000,-4266000
88431,1694000,-4261000
88432,1694000,-4256000
88433,1694000,-4251000
88434,1694000,-4246000
88435,1694000,-4241000
88436,1694000,-4236000
88437,1694000,-4231000
88438,1694000,-4226000
88439,1694000,-4221000
88440,1694000,-4216000
88441,1694000,-4211000
88442,1694000,-4206000
88443,1694000,-4201000
88444,1694000,-4196000
88445,1694000,-4191000
88446,1694000,-4186000
88447,1694000,-4181000
88448,1694000,-4176000
88449,1694000,-4171000
88450,1694000,-4166000
88451,1694000,-4161000
88452,1694000,-4156000
88453,1694000,-4151000
88454,1694000,-4146000
88455,1694000,-4141000
88626,1699000,-4466000
88627,1699000,-4461000
88628,1699000,-4456000
88629,1699000,-4451000
88630,1699000,-4446000
88631,1699000,-4441000
88632,1699000,-4436000
88633,1699000,-4431000
88634,1699000,-4426000
88635,1699000,-4421000
88636,1699000,-4416000
88637,1699000,-4411000
88638,1699000,-4406000
88639,1699000,-4401000
88640,1699000,-4396000
88641,1699000,-4391000
88642,1699000,-4386000
88643,1699000,-4381000
88644,1699000,-4376000
88645,1699000,-4371000
88646,1699000,-4366000
88647,1699000,-4361000
88648,1699000,-4356000
88649,1699000,-4351000
88650,1699000,-4346000
88651,1699000,-4341000
88652,1699000,-4336000
88653,1699000,-4331000
88654,1699000,-4326000
88655,1699000,-4321000
88656,1699000,-4316000
88657,1699000,-4311000
88658,1699000,-4306000
88659,1699000,-4301000
88660,1699000,-4296000
88661,1699000,-4291000
88662,1699000,-4286000
88663,1699000,-4281000
88664,1699000,-4276000
88665,1699000,-4271000
88666,1699000,-4266000
88667,1699000,-4261000
88668,1699000,-4256000
88669,1699000,-4251000
88670,1699000,-4246000
88671,1699000,-4241000
88672,1699000,-4236000
88673,1699000,-4231000
88674,1699000,-4226000
88675,1699000,-4221000
88676,1699000,-4216000
88677,1699000,-4211000
88678,1699000,-4206000
88679,1699000,-4201000
88680,1699000,-4196000
88681,1699000,-4191000
88682,1699000,-4186000
88683,1699000,-4181000
88684,1699000,-4176000
88685,1699000,-4171000
88686,1699000,-4166000
88687,1699000,-4161000
88688,1699000,-4156000
88862,1704000,-4466000
88863,1704000,-4461000
88864,1704000,-4456000
88865,1704000,-4451000
88866,1704000,-4446000
88867,1704000,-4441000
88868,1704000,-4436000
88869,1704000,-4431000
88870,1704000,-4426000
88871,1704000,-4421000
88872,1704000,-4416000
88873,1704000,-4411000
88874,1704000,-4406000
88875,1704000,-4401000
88876,1704000,-4396000
88877,1704000,-4391000
88878,1704000,-4386000
88879,1704000,-4381000
88880,1704000,-4376000
88881,1704000,-4371000
88882,1704000,-4366000
88883,1704000,-4361000
88884,1704000,-4356000
88885,1704000,-4351000
88886,1704000,-4346000
88887,1704000,-4341000
88888,1704000,-4336000
88889,1704000,-4331000
88890,1704000,-4326000
88891,1704000,-4321000
88892,1704000,-4316000
88893,1704000,-4311000
88894,1704000,-4306000
88895,1704000,-4301000
88896,1704000,-4296000
88897,1704000,-4291000
88898,1704000,-4286000
88899,1704000,-4281000
88900,1704000,-4276000
88901,1704000,-4271000
88902,1704000,-4266000
88903,1704000,-4261000
88904,1704000,-4256000
88905,1704000,-4251000
88906,1704000,-4246000
88907,1704000,-4241000
88908,1704000,-4236000
88909,1704000,-4231000
88910,1704000,-4226000
88911,1704000,-4221000
88912,1704000,-4216000
88913,1704000,-4211000
88914,1704000,-4206000
88915,1704000,-4201000
88916,1704000,-4196000
88917,1704000,-4191000
88918,1704000,-4186000
88919,1704000,-4181000
88920,1704000,-4176000
88921,1704000,-4171000
88922,1704000,-4166000
89099,1709000,-4461000
89100,1709000,-4456000
89101,1709000,-4451000
89102,1709000,-4446000
89103,1709000,-4441000
89104,1709000,-4436000
89105,1709000,-4431000
89106,1709000,-4426000
89107,1709000,-4421000
89108,1709000,-4416000
89109,1709000,-4411000
89110,1709000,-4406000
89111,1709000,-4401000
89112,1709000,-4396000
89113,1709000,-4391000
89114,1709000,-4386000
89115,1709000,-4381000
89116,1709000,-4376000
89117,1709000,-4371000
89118,1709000,-4366000
89119,1709000,-4361000
89120,1709000,-4356000
89121,1709000,-4351000
89123,1709000,-4341000
89124,1709000,-4336000
89125,1709000,-4331000
89126,1709000,-4326000
89127,1709000,-4321000
89128,1709000,-4316000
89129,1709000,-4311000
89130,1709000,-4306000
89131,1709000,-4301000
89132,1709000,-4296000
89133,1709000,-4291000
89134,1709000,-4286000
89135,1709000,-4281000
89136,1709000,-4276000
89137,1709000,-4271000
89138,1709000,-4266000
89139,1709000,-4261000
89140,1709000,-4256000
89141,1709000,-4251000
89142,1709000,-4246000
89143,1709000,-4241000
89144,1709000,-4236000
89145,1709000,-4231000
89146,1709000,-4226000
89147,1709000,-4221000
89148,1709000,-4216000
89149,1709000,-4211000
89150,1709000,-4206000
89151,1709000,-4201000
89152,1709000,-4196000
89153,1709000,-4191000
89154,1709000,-4186000
89155,1709000,-4181000
89156,1709000,-4176000
89157,1709000,-4171000
89158,1709000,-4166000
89337,1714000,-4451000
89338,1714000,-4446000
89339,1714000,-4441000
89340,1714000,-4436000
89341,1714000,-4431000
89342,1714000,-4426000
89343,1714000,-4421000
89344,1714000,-4416000
89345,1714000,-4411000
89351,1714000,-4381000
89363,1714000,-4321000
89364,1714000,-4316000
89365,1714000,-4311000
89366,1714000,-4306000
89367,1714000,-4301000
89368,1714000,-4296000
89369,1714000,-4291000
89370,1714000,-4286000
89371,1714000,-4281000
89372,1714000,-4276000
89373,1714000,-4271000
89374,1714000,-4266000
89375,1714000,-4261000
89376,1714000,-4256000
89377,1714000,-4251000
89378,1714000,-4246000
89379,1714000,-4241000
89380,1714000,-4236000
89381,1714000,-4231000
89382,1714000,-4226000
89383,1714000,-4221000
89384,1714000,-4216000
89385,1714000,-4211000
89386,1714000,-4206000
89387,1714000,-4201000
89388,1714000,-4196000
89389,1714000,-4191000
89390,1714000,-4186000
89391,1714000,-4181000
89392,1714000,-4176000
89393,1714000,-4171000
89575,1719000,-4441000
89576,1719000,-4436000
89577,1719000,-4431000
89578,1719000,-4426000
89579,1719000,-4421000
89600,1719000,-4316000
89601,1719000,-4311000
89602,1719000,-4306000
89603,1719000,-4301000
89604,1719000,-4296000
89605,1719000,-4291000
89606,1719000,-4286000
89607,1719000,-4281000
89608,1719000,-4276000
89609,1719000,-4271000
89610,1719000,-4266000
89611,1719000,-4261000
89612,1719000,-4256000
89613,1719000,-4251000
89614,1719000,-4246000
89615,1719000,-4241000
89616,1719000,-4236000
89617,1719000,-4231000
89618,1719000,-4226000
89619,1719000,-4221000
89620,1719000,-4216000
89621,1719000,-4211000
89622,1719000,-4206000
89623,1719000,-4201000
89624,1719000,-4196000
89625,1719000,-4191000
89626,1719000,-4186000
89627,1719000,-4181000
89628,1719000,-4176000
89837,1724000,-4311000
89838,1724000,-4306000
89839,1724000,-4301000
89840,1724000,-4296000
89841,1724000,-4291000
89842,1724000,-4286000
89843,1724000,-4281000
89844,1724000,-4276000
89845,1724000,-4271000
89846,1724000,-4266000
89847,1724000,-4261000
89848,1724000,-4256000
89849,1724000,-4251000
89850,1724000,-4246000
89851,1724000,-4241000
89852,1724000,-4236000
89853,1724000,-4231000
89854,1724000,-4226000
89855,1724000,-4221000
89856,1724000,-4216000
89857,1724000,-4211000
89858,1724000,-4206000
89859,1724000,-4201000
89860,1724000,-4196000
89861,1724000,-4191000
89862,1724000,-4186000
89863,1724000,-4181000
90073,1729000,-4311000
90074,1729000,-4306000
90075,1729000,-4301000
90076,1729000,-4296000
90077,1729000,-4291000
90078,1729000,-4286000
90079,1729000,-4281000
90080,1729000,-4276000
90081,1729000,-4271000
90082,1729000,-4266000
90083,1729000,-4261000
90084,1729000,-4256000
90085,1729000,-4251000
90086,1729000,-4246000
90087,1729000,-4241000
90088,1729000,-4236000
90089,1729000,-4231000
90090,1729000,-4226000
90091,1729000,-4221000
90092,1729000,-4216000
90093,1729000,-4211000
90094,1729000,-4206000
90095,1729000,-4201000
90096,1729000,-4196000
90097,1729000,-4191000
90098,1729000,-4186000
90099,1729000,-4181000
90310,1734000,-4306000
90311,1734000,-4301000
90312,1734000,-4296000
90313,1734000,-4291000
90314,1734000,-4286000
90315,1734000,-4281000
90316,1734000,-4276000
90317,1734000,-4271000
90318,1734000,-4266000
90319,1734000,-4261000
90320,1734000,-4256000
90321,1734000,-4251000
90322,1734000,-4246000
90323,1734000,-4241000
90324,1734000,-4236000
90325,1734000,-4231000
90326,1734000,-4226000
90327,1734000,-4221000
90328,1734000,-4216000
90329,1734000,-4211000
90330,1734000,-4206000
90331,1734000,-4201000
90332,1734000,-4196000
90333,1734000,-4191000
90334,1734000,-4186000
90546,1739000,-4306000
90547,1739000,-4301000
90548,1739000,-4296000
90553,1739000,-4271000
90554,1739000,-4266000
90555,1739000,-4261000
90556,1739000,-4256000
90557,1739000,-4251000
90558,1739000,-4246000
90559,1739000,-4241000
90560,1739000,-4236000
90561,1739000,-4231000
90562,1739000,-4226000
90563,1739000,-4221000
90564,1739000,-4216000
90565,1739000,-4211000
90566,1739000,-4206000
90567,1739000,-4201000
90568,1739000,-4196000
90569,1739000,-4191000
90782,1744000,-4306000
90790,1744000,-4266000
90791,1744000,-4261000
90792,1744000,-4256000
90793,1744000,-4251000
90794,1744000,-4246000
90795,1744000,-4241000
90796,1744000,-4236000
90797,1744000,-4231000
90798,1744000,-4226000
90799,1744000,-4221000
90800,1744000,-4216000
90801,1744000,-4211000
91027,1749000,-4261000
91028,1749000,-4256000
91029,1749000,-4251000
91030,1749000,-4246000
91031,1749000,-4241000
91032,1749000,-4236000
91033,1749000,-4231000
91034,1749000,-4226000
91035,1749000,-4221000
91036,1749000,-4216000
91264,1754000,-4256000
91265,1754000,-4251000
91266,1754000,-4246000
91267,1754000,-4241000
91268,1754000,-4236000
91269,1754000,-4231000
91270,1754000,-4226000
91501,1759000,-4251000
91502,1759000,-4246000
91503,1759000,-4241000
91504,1759000,-4236000
91505,1759000,-4231000
91738,1764000,-4246000
91739,1764000,-4241000
91740,1764000,-4236000
91974,1769000,-4246000
91975,1769000,-4241000